,set_name_plus_dj_id,set_title,set_list,artist,song,spotify_song_name,spotify_id,preview,songs,dj_name,dj_id,song_id,dj_play_count,total_play_count
39311, - (a)pendics.shuffle - Clubbingspain Podcast 222 - 3033, - (a)pendics.shuffle - Clubbingspain Podcast 222, Sander Ellerman - Little Helper 235-1 [Little Helpers - LH 235], Sander Ellerman,Little Helper 235-1 [Little Helpers,Little Helper 235-1,1bZwtaWLFXN0I6QTN0qivx,https://p.scdn.co/mp3-preview/227ddc6dd6a4e1059092c7b4ada833de198990de?cid=461b02dc885841c0a798981c336f46f0,Little Helper 235-1 [Little Helpers,(a)pendics.shuffle,3033,15773,1,1
38953, - (a)pendics.shuffle - Clubbingspain Podcast 222 - 3033, - (a)pendics.shuffle - Clubbingspain Podcast 222, The Cyclist - Pressing Matters (Robag's Pinvoldex Sull NB) [Hypercolour], The Cyclist,Pressing Matters (Robag's Pinvoldex Sull NB) [Hypercolour],Pressing Matters - Robag's Pinvoldex Sull NB,2T8DwpYoyyFwVqCyRSrLqv,https://p.scdn.co/mp3-preview/e92f3145390825324670fc5ac1af18ce6b0944db?cid=461b02dc885841c0a798981c336f46f0,Pressing Matters (Robag's Pinvoldex Sull NB) [Hypercolour],(a)pendics.shuffle,3033,35738,1,18
37182, - (a)pendics.shuffle - Decoded Magazine (DM093) - 3033, - (a)pendics.shuffle - Decoded Magazine (DM093),[a]pendics.shuffle Feat. Kelly Johnston - Touching Space,[a]pendics.shuffle Feat. Kelly Johnston,Touching Space,Touching Space feat. Kelly Johnston,0cLoF4CeSNw03dslVUWtpq,https://p.scdn.co/mp3-preview/580c2e6f5e832d764b060497eea61fb348344a48?cid=461b02dc885841c0a798981c336f46f0,Touching Space,(a)pendics.shuffle,3033,3134,1,1
37186, - (a)pendics.shuffle - Decoded Magazine (DM093) - 3033, - (a)pendics.shuffle - Decoded Magazine (DM093),The Orb - Lunar Caves,The Orb,Lunar Caves,Lunar Caves,1wUJskvY0BAcuvmZz7cBQM,https://p.scdn.co/mp3-preview/a8e74ee0b050671a38eff8c345a25783df0a16c1?cid=461b02dc885841c0a798981c336f46f0,Lunar Caves,(a)pendics.shuffle,3033,24342,1,1
37184, - (a)pendics.shuffle - Decoded Magazine (DM093) - 3033, - (a)pendics.shuffle - Decoded Magazine (DM093),Daze Maxim - Darkness In Your Pocket,Daze Maxim,Darkness In Your Pocket,Darkness in Your Pocket,2MepPcKFGr2EdN3rgOo5uU,https://p.scdn.co/mp3-preview/84faabb47f4ce090275681da3e9b8dd658602f2f?cid=461b02dc885841c0a798981c336f46f0,Darkness In Your Pocket,(a)pendics.shuffle,3033,32976,1,1
37185, - (a)pendics.shuffle - Decoded Magazine (DM093) - 3033, - (a)pendics.shuffle - Decoded Magazine (DM093),Miro Pajic - I Believe In You,Miro Pajic,I Believe In You,I Believe in You,57fK9FsZvtKCqFXfG5WPkG,https://p.scdn.co/mp3-preview/bc467206ccf227c0ce4599067541f7beb2b923f1?cid=461b02dc885841c0a798981c336f46f0,I Believe In You,(a)pendics.shuffle,3033,65292,1,1
37183, - (a)pendics.shuffle - Decoded Magazine (DM093) - 3033, - (a)pendics.shuffle - Decoded Magazine (DM093),Click Box - Flipping,Click Box,Flipping,Flipping,78VnUI4VTj2ohwd90DTV4i,https://p.scdn.co/mp3-preview/fd84ec5e8942651f9b53ef6da16776bfe38dce10?cid=461b02dc885841c0a798981c336f46f0,Flipping,(a)pendics.shuffle,3033,90973,1,1
123218, - &ME - Keinemusik Radio Show - 3034, - &ME - Keinemusik Radio Show, Insomniac Therapy - Lurking In The Miami Sun (Name Does Not Matter Acid Mix), Insomniac Therapy,Lurking In The Miami Sun (Name Does Not Matter Acid Mix),Lurking Miami Sun - Name Does Not Matter Acid Mix,0caeLGSb4jp8EAVIp4UYhi,https://p.scdn.co/mp3-preview/9bee56fecb05da7fc332b7582d0f6c61b6b132a4?cid=461b02dc885841c0a798981c336f46f0,Lurking In The Miami Sun (Name Does Not Matter Acid Mix),&ME,3034,2991,1,1
187162, - &ME - Keinemusik Radio Show - 3034, - &ME - Keinemusik Radio Show, Retiree - House Or Home, Retiree,House Or Home,House or Home,0hqOeFlD7OGdCdqrhsvcyU,https://p.scdn.co/mp3-preview/12bce2627bb9db0c8e8418609e6672e8ab57ab25?cid=461b02dc885841c0a798981c336f46f0,House Or Home,&ME,3034,5198,1,1
158011, - &ME - Keinemusik Radio Show - 3034, - &ME - Keinemusik Radio Show, Lilac Jeans - Udaba [Lilac Jeans - LJR 036], Lilac Jeans,Udaba [Lilac Jeans,Udaba,0j0BnMv4cNk0SFpXJCZICG,https://p.scdn.co/mp3-preview/593e7858638286db3159da16e24debdc48336bd0?cid=461b02dc885841c0a798981c336f46f0,Udaba [Lilac Jeans,&ME,3034,5753,1,1
66023, - &ME - Keinemusik Radio Show - 3034, - &ME - Keinemusik Radio Show, Lune - Sad Mamba, Lune,Sad Mamba,Sad Mamba,0Klvfguk9ANw5txUjv5gBy,https://p.scdn.co/mp3-preview/96a90f472a38b1a119d24934fbfe75208a7bf0fe?cid=461b02dc885841c0a798981c336f46f0,Sad Mamba,&ME,3034,6401,1,1
66021, - &ME - Keinemusik Radio Show - 3034, - &ME - Keinemusik Radio Show, Baffopizza - ? [Promo Only], Baffopizza,? [Promo Only],Promo Only,0M4sEUemzdNXdAzXQrd3YZ,https://p.scdn.co/mp3-preview/2f5427bb6e04aa09ff50f15cd8258f7953aa47fb?cid=461b02dc885841c0a798981c336f46f0,? [Promo Only],&ME,3034,7056,1,4
158010, - &ME - Keinemusik Radio Show - 3034, - &ME - Keinemusik Radio Show, Gacha Bakradze - Restless [Anjunadeep - ANJDEE 353D], Gacha Bakradze,Restless [Anjunadeep,Restless,13hatZPIGropdTBYPcWkXv,https://p.scdn.co/mp3-preview/aeb8cb62faa28272b038ec853f7ada9b5b02a622?cid=461b02dc885841c0a798981c336f46f0,Restless [Anjunadeep,&ME,3034,13563,1,2
12267, - &ME - Keinemusik Radio Show - 3034, - &ME - Keinemusik Radio Show, Human Machine - Janus, Human Machine,Janus,Janus,1wi4ymzyVW3B62OwZaIVJw,https://p.scdn.co/mp3-preview/17905b9a793b0ba7d40f5dfd8b03a2b422fae895?cid=461b02dc885841c0a798981c336f46f0,Janus,&ME,3034,24169,1,4
66019, - &ME - Keinemusik Radio Show - 3034, - &ME - Keinemusik Radio Show, The Black 80s - What You Say Now, The Black 80s,What You Say Now,What You Say Now - Till von Sein & Tigerskin Remix,2z9UxQhy8Sdh7y0ZMs21KI,https://p.scdn.co/mp3-preview/6634fb9c11c58748cfb24e45c2fcb8af4cc8c1a9?cid=461b02dc885841c0a798981c336f46f0,What You Say Now,&ME,3034,38178,1,5
66018, - &ME - Keinemusik Radio Show - 3034, - &ME - Keinemusik Radio Show, Gus Arancibia - Fun Fuk Funk, Gus Arancibia,Fun Fuk Funk,Fuk fun funk - Original Mix,3nCikDEuCsbe6iwGfNWSZq,https://p.scdn.co/mp3-preview/077e49d68287dfe3f00fdab36b8b1edd5f54e860?cid=461b02dc885841c0a798981c336f46f0,Fun Fuk Funk,&ME,3034,45966,1,1
66014, - &ME - Keinemusik Radio Show - 3034, - &ME - Keinemusik Radio Show, Auntie Flo - Reverence (Synthapella), Auntie Flo,Reverence (Synthapella),Reverence - Synthapella,4Cle82qXKB5yqxTmMCZoUW,https://p.scdn.co/mp3-preview/5e1ef0070e2dd99204ff98dcc00672361887f672?cid=461b02dc885841c0a798981c336f46f0,Reverence (Synthapella),&ME,3034,54218,1,1
66017, - &ME - Keinemusik Radio Show - 3034, - &ME - Keinemusik Radio Show, Duke Slammer - In The Bus Lane, Duke Slammer,In The Bus Lane,In the Bus Lane,4iBlU4zs5RFRtpD7610RM2,https://p.scdn.co/mp3-preview/917d2077f2a21f068746d95f044fac1d103675c2?cid=461b02dc885841c0a798981c336f46f0,In The Bus Lane,&ME,3034,56542,1,1
66020, - &ME - Keinemusik Radio Show - 3034, - &ME - Keinemusik Radio Show, Tevo Howard - Everyday House Music (Analog Mix), Tevo Howard,Everyday House Music (Analog Mix),Everyday House Music - Analog Mix,58tK1mPLgHHpnEkw6bQEr5,https://p.scdn.co/mp3-preview/b06988f1cca451c79103ee0418dcb6809b93a537?cid=461b02dc885841c0a798981c336f46f0,Everyday House Music (Analog Mix),&ME,3034,65582,1,1
152468, - &ME - Keinemusik Radio Show - 3034, - &ME - Keinemusik Radio Show, ROD - Abel [Cocoon - CORLP 043DIGITAL], ROD,Abel [Cocoon,Abel,5dyAj4xcYu7M6kpJRUl1rE,https://p.scdn.co/mp3-preview/be199d188a90a1a0cf6f7c00775120d24a736762?cid=461b02dc885841c0a798981c336f46f0,Abel [Cocoon,&ME,3034,67381,1,4
66015, - &ME - Keinemusik Radio Show - 3034, - &ME - Keinemusik Radio Show, Beesmunt Soundsystem - Opium, Beesmunt Soundsystem,Opium,Opium,5yXCeUiGIX7NPE2Vm2TNoM,https://p.scdn.co/mp3-preview/aad79fd9719420fe789dc546ec9884a1ea7dd796?cid=461b02dc885841c0a798981c336f46f0,Opium,&ME,3034,75896,1,1
66016, - &ME - Keinemusik Radio Show - 3034, - &ME - Keinemusik Radio Show, Nick Monaco - Half Naked (Adam Port Remix), Nick Monaco,Half Naked (Adam Port Remix),Half Naked - Adam Port Free Wifi Remix,6Fqo6CbJpddfAWhyktqaRi,https://p.scdn.co/mp3-preview/9881b36496097ca96c6b2e40c78c7c197d7e47de?cid=461b02dc885841c0a798981c336f46f0,Half Naked (Adam Port Remix),&ME,3034,80729,1,6
66022, - &ME - Keinemusik Radio Show - 3034, - &ME - Keinemusik Radio Show, Dinky - Slowly (Radio Slave Remix Version 1), Dinky,Slowly (Radio Slave Remix Version 1),Slowly - Radio Slave Remix Version 1,7zzK0G4HfTK1SuuqBgWiTA,https://p.scdn.co/mp3-preview/6b83498a9aea67f762d14426a083d5bc2e584388?cid=461b02dc885841c0a798981c336f46f0,Slowly (Radio Slave Remix Version 1),&ME,3034,99130,1,5
127322," - &ME b2b Adam Port @ DJMagHQ, London - 3035"," - &ME b2b Adam Port @ DJMagHQ, London", Black Loops - Higher, Black Loops,Higher,Higher,00TEZxhsnkVM7LNplvQLv0,https://p.scdn.co/mp3-preview/877ba76e6797458db9eeb950f37588df3ae4629e?cid=461b02dc885841c0a798981c336f46f0,Higher,&ME b2b Adam Port ,3035,166,1,4
127320," - &ME b2b Adam Port @ DJMagHQ, London - 3035"," - &ME b2b Adam Port @ DJMagHQ, London", Dean Demanuele - Summer Blue [Dazed & Confused - DNC 020], Dean Demanuele,Summer Blue [Dazed & Confused,Summer Blue,1IGmH2gocNW0Xdo7cJy5Xm,https://p.scdn.co/mp3-preview/95871ccbb3ec67803beae00a84d4179e4186eece?cid=461b02dc885841c0a798981c336f46f0,Summer Blue [Dazed & Confused,&ME b2b Adam Port ,3035,18455,1,1
127321," - &ME b2b Adam Port @ DJMagHQ, London - 3035"," - &ME b2b Adam Port @ DJMagHQ, London", Jacob Korn - Mindfulness [Muna Musik - 006], Jacob Korn,Mindfulness [Muna Musik,Mindfulness,2E165Ma2ySNhM69uy01FNG,https://p.scdn.co/mp3-preview/533b1f23c883f2051b994f16bc76f1cafd8ed3bb?cid=461b02dc885841c0a798981c336f46f0,Mindfulness [Muna Musik,&ME b2b Adam Port ,3035,29500,1,1
53258, - +plattform - Curated By DSH 007 - 9875, - +plattform - Curated By DSH 007,Population One - Code Of Conduct,Population One,Code Of Conduct,Code of Conduct,3KMxZ7PNbSIy3u1YNj9qIM,https://p.scdn.co/mp3-preview/323cc039429c4b7b0e9686d50cbfe8093df7208d?cid=461b02dc885841c0a798981c336f46f0,Code Of Conduct,plattform,9875,44897,1,1
53261, - +plattform - Curated By DSH 007 - 9875, - +plattform - Curated By DSH 007,Donato Dozzy - Sotto Ma Sotto,Donato Dozzy,Sotto Ma Sotto,Sotto Ma Sotto - Lucy Remix,3lEJukV9yPqEbUWSDwBdI6,https://p.scdn.co/mp3-preview/e026b86443edbe405a016a942d9f3f17be0444c8?cid=461b02dc885841c0a798981c336f46f0,Sotto Ma Sotto,plattform,9875,45208,1,1
53253, - +plattform - Curated By DSH 007 - 9875, - +plattform - Curated By DSH 007,Developer - Hands Of Inevitable Change,Developer,Hands Of Inevitable Change,Hands of inevitable change,3OTqK12OuRaWtQHZLFBFnS,https://p.scdn.co/mp3-preview/56e9ada42ef95f6d6fa5cc088de7f198f10a39e4?cid=461b02dc885841c0a798981c336f46f0,Hands Of Inevitable Change,plattform,9875,46604,1,2
53256, - +plattform - Curated By DSH 007 - 9875, - +plattform - Curated By DSH 007,James Ruskin - Into A Circle,James Ruskin,Into A Circle,Into a Circle,3VfXUg3kEFA9RfB9CtzIjs,https://p.scdn.co/mp3-preview/c3411f75ed7efb344577a598161be5c7b36dd922?cid=461b02dc885841c0a798981c336f46f0,Into A Circle,plattform,9875,49267,1,2
53252, - +plattform - Curated By DSH 007 - 9875, - +plattform - Curated By DSH 007,Mike Parker - Protolanguage,Mike Parker,Protolanguage,Protolanguage,4eUmIrlJk6d54TN9tXoLvn,https://p.scdn.co/mp3-preview/e91b43d16e052dd7e88b52b1de8cfdb8fb7de45a?cid=461b02dc885841c0a798981c336f46f0,Protolanguage,plattform,9875,55124,1,1
53251, - +plattform - Curated By DSH 007 - 9875, - +plattform - Curated By DSH 007,Marcel Dettmann - Lattice,Marcel Dettmann,Lattice,Lattice,4o9y5duht5Xr68wiZEMflw,https://p.scdn.co/mp3-preview/bd37903e3e855b22f81a070fbf5cc3a87675cacb?cid=461b02dc885841c0a798981c336f46f0,Lattice,plattform,9875,58913,1,2
53259, - +plattform - Curated By DSH 007 - 9875, - +plattform - Curated By DSH 007,Adam X - Interchanges,Adam X,Interchanges,Interchanges (Enter & Exit),4PUxMxa3EPlCrEDxWBPDa9,https://p.scdn.co/mp3-preview/27401a43c0dbc7724dc777e9c0b0ccab23dfc1b6?cid=461b02dc885841c0a798981c336f46f0,Interchanges,plattform,9875,59632,1,1
53263, - +plattform - Curated By DSH 007 - 9875, - +plattform - Curated By DSH 007,The Field - Over The Ice,The Field,Over The Ice,Over The Ice,4qtRFeSNmIeQ1jlLciS2qX,https://p.scdn.co/mp3-preview/fbbfae6aa5c38b6a519969b1ab9829ca5c70928f?cid=461b02dc885841c0a798981c336f46f0,Over The Ice,plattform,9875,60054,1,1
53260, - +plattform - Curated By DSH 007 - 9875, - +plattform - Curated By DSH 007,Patrik Skoog - Lost Order,Patrik Skoog,Lost Order,Lost Order,4SgRhn7tLv1KfS29IcfJK3,https://p.scdn.co/mp3-preview/764c83131a6a2eec4f79eb28b7e4bc375f26ad74?cid=461b02dc885841c0a798981c336f46f0,Lost Order,plattform,9875,60733,1,2
50759, - +plattform - Curated By DSH 007 - 9875, - +plattform - Curated By DSH 007,Developer - Ruthless Charm,Developer,Ruthless Charm,Ruthless Charm,5Fez27iybB7x3rMw4Y2N7x,https://p.scdn.co/mp3-preview/9e3e6aafc71ee5c744ac2bec2f70153179b60f7d?cid=461b02dc885841c0a798981c336f46f0,Ruthless Charm,plattform,9875,67923,1,4
53262, - +plattform - Curated By DSH 007 - 9875, - +plattform - Curated By DSH 007,Mike Dehnert - Inversion,Mike Dehnert,Inversion,Inversion,635s1EScPEbQfjFWYrQYlM,https://p.scdn.co/mp3-preview/9d47d40693c54ee92269c04bab311ec76af0044d?cid=461b02dc885841c0a798981c336f46f0,Inversion,plattform,9875,76959,1,1
49993, - +plattform - Curated By DSH 007 - 9875, - +plattform - Curated By DSH 007,Orphx - Aurora,Orphx,Aurora,Aurora,6rWej3NWw0RWfBfQ8WKeb6,https://p.scdn.co/mp3-preview/e57904082e769282be1d5f746a9ebaf9ed3123fc?cid=461b02dc885841c0a798981c336f46f0,Aurora,plattform,9875,85845,1,4
23467, - +plattform - Curated By DSH 007 - 9875, - +plattform - Curated By DSH 007,James Ruskin - The Outsider,James Ruskin,The Outsider,The Outsider - Mixed,6uuXF1odFKpWwI6FbtRw2H,https://p.scdn.co/mp3-preview/360dc9445e6ed96badda77c90b019a4e7efe5965?cid=461b02dc885841c0a798981c336f46f0,The Outsider,plattform,9875,87046,1,2
53254, - +plattform - Curated By DSH 007 - 9875, - +plattform - Curated By DSH 007,Lucy - Vibrations Of A Circular Membrane,Lucy,Vibrations Of A Circular Membrane,Vibrations of a Circular Membrane,7fjlkwcLy5QNxeXIPPlNS4,https://p.scdn.co/mp3-preview/98696015fa8c3bf9a25cd6aacadba381d0ddf1b2?cid=461b02dc885841c0a798981c336f46f0,Vibrations Of A Circular Membrane,plattform,9875,93457,1,2
30729, - +plattform - Curated By DSH 007 - 9875, - +plattform - Curated By DSH 007,Dax J - Closer To God,Dax J,Closer To God,Closer To God - Original Mix,7M055QH5RSgSBDCfOLDRiy,https://p.scdn.co/mp3-preview/fd888db779dc848fe48f4397c9d8b70e804d1874?cid=461b02dc885841c0a798981c336f46f0,Closer To God,plattform,9875,96124,1,2
140520, - ¬µ-Ziq - XLR8R Podcast 533 - 3036, - ¬µ-Ziq - XLR8R Podcast 533,¬µ-Ziq - 56,¬µ-Ziq,56,56,46YQZlatRzwbRrpyNAH4IH,,56,¬µ-Ziq,3036,52577,1,1
175365, - ⁄≠ŸÑŸäÿ´ÿ±GlitterŸ•Ÿ• - We Tape 30 - 3037, - ⁄≠ŸÑŸäÿ´ÿ±GlitterŸ•Ÿ• - We Tape 30, Acid Pauli - Ayam [Ou√Øe - OUE003], Acid Pauli,Ayam [Ou√Øe,Ayam - Red Axes Remix,3C9GG1cmiyGUFVfr0ELL8A,https://p.scdn.co/mp3-preview/c45290d35347ed02afc1975ff383e63587fe1669?cid=461b02dc885841c0a798981c336f46f0,Ayam [Ou√Øe,⁄≠ŸÑŸäÿ´ÿ±GlitterŸ•Ÿ•,3037,41473,1,2
175364, - ⁄≠ŸÑŸäÿ´ÿ±GlitterŸ•Ÿ• - We Tape 30 - 3037, - ⁄≠ŸÑŸäÿ´ÿ±GlitterŸ•Ÿ• - We Tape 30, Tiempo De Maldad - Soufi (Colossio Acido Latino Mix) [Nein - 18NEINTEEN], Tiempo De Maldad,Soufi (Colossio Acido Latino Mix) [Nein,Soufi - Colossio Acido Latino mix,6cS5NoNvO7xVdXPAHDhJcf,https://p.scdn.co/mp3-preview/8123539cde338bb302833b09fc4d5bf51e1da502?cid=461b02dc885841c0a798981c336f46f0,Soufi (Colossio Acido Latino Mix) [Nein,⁄≠ŸÑŸäÿ´ÿ±GlitterŸ•Ÿ•,3037,79450,1,1
10318, - √Çme @ Boiler Room Berlin - 3038, - √Çme @ Boiler Room Berlin,Frank Wiedemann - Kleiner Vogel,Frank Wiedemann,Kleiner Vogel,Kleiner Vogel,6pC4v1vJXw73mxnNTwqTu3,https://p.scdn.co/mp3-preview/bb1a593d4d5b5520d40d0f72b9975d42ef28cb30?cid=461b02dc885841c0a798981c336f46f0,Kleiner Vogel,√Çme ,3038,84762,1,3
15162, - √Çme @ Boiler Room Berlin - 3038, - √Çme @ Boiler Room Berlin,Alex Barck - Oh Africa (Frank Wiedemann Remix),Alex Barck,Oh Africa (Frank Wiedemann Remix),Oh Africa - Frank Wiedemann Remix,7mABYap39eAbfzxuY9I1mu,https://p.scdn.co/mp3-preview/095803c7e2dc45acd3fb26fd727c7fd36f5c2825?cid=461b02dc885841c0a798981c336f46f0,Oh Africa (Frank Wiedemann Remix),√Çme ,3038,96203,1,1
89805," - √Çme @ KC Drugstore, Belgrade - 3038"," - √Çme @ KC Drugstore, Belgrade",Pastaboys - Deep Musique (Rampa Remix),Pastaboys,Deep Musique (Rampa Remix),Deep Musique - Rampa Remix,3q1iUlM9Vogao02wK6XKRb,https://p.scdn.co/mp3-preview/e7d96ab160cec7bae1963dfa7f5d171cb8408fb3?cid=461b02dc885841c0a798981c336f46f0,Deep Musique (Rampa Remix),√Çme ,3038,47127,1,1
89804," - √Çme @ KC Drugstore, Belgrade - 3038"," - √Çme @ KC Drugstore, Belgrade",ZK Bucket - Pendulum Ride,ZK Bucket,Pendulum Ride,Pendulum Ride,53JJC8DXoY3kMl2gKGHTMW,https://p.scdn.co/mp3-preview/af4af2833b05fc2634cea450c769dbbc0b12b5f7?cid=461b02dc885841c0a798981c336f46f0,Pendulum Ride,√Çme ,3038,64535,1,1
71105," - √Çme @ KC Drugstore, Belgrade - 3038"," - √Çme @ KC Drugstore, Belgrade",Redshape - London,Redshape,London,London,6gvc8b8tygPU0CwfcQW3xs,https://p.scdn.co/mp3-preview/22e608ebe1ed8de4bd61fb7063c015db77b9e4ab?cid=461b02dc885841c0a798981c336f46f0,London,√Çme ,3038,81200,1,2
89806," - √Çme @ KC Drugstore, Belgrade - 3038"," - √Çme @ KC Drugstore, Belgrade",Stones & Bones - Amahloni (Manoo Remix),Stones & Bones,Amahloni (Manoo Remix),Amahloni (Manoo Remix),6xOg60DqE8QD0xOpV606DL,https://p.scdn.co/mp3-preview/6adeb9ea96833eb7d53525f9037c122f4c1a5d7b?cid=461b02dc885841c0a798981c336f46f0,Amahloni (Manoo Remix),√Çme ,3038,88182,1,3
89803," - √Çme @ KC Drugstore, Belgrade - 3038"," - √Çme @ KC Drugstore, Belgrade",Tom Demac - Muyu,Tom Demac,Muyu,Muyu,75BXQo8OkUmW25wiyyMjaU,https://p.scdn.co/mp3-preview/e2459a62a0059534f2269dd5b5f587a80c1a69c2?cid=461b02dc885841c0a798981c336f46f0,Muyu,√Çme ,3038,90224,1,1
19196," - √Çme @ Takeover, Yalta Club, Sofia - 3038"," - √Çme @ Takeover, Yalta Club, Sofia", Francesco Chiocci - Nightmares, Francesco Chiocci,Nightmares,Nightmares,1OIfHaUQQC99f1ERQRS8CW,https://p.scdn.co/mp3-preview/0e3b874dc2ec121ab07a5d3b210eb82df5161cf3?cid=461b02dc885841c0a798981c336f46f0,Nightmares,√Çme ,3038,20881,1,3
19192," - √Çme @ Takeover, Yalta Club, Sofia - 3038"," - √Çme @ Takeover, Yalta Club, Sofia", Baikal - Pelican‚Äôs Flight, Baikal,Pelican‚Äôs Flight,Pelican's Flight,2FGxBrFtOcdEj4UhqkHQ7D,https://p.scdn.co/mp3-preview/5557a54cfeec02cd4fefe5609368502e1fd598d8?cid=461b02dc885841c0a798981c336f46f0,Pelican‚Äôs Flight,√Çme ,3038,30086,1,10
19189," - √Çme @ Takeover, Yalta Club, Sofia - 3038"," - √Çme @ Takeover, Yalta Club, Sofia", Trikk - Mozam, Trikk,Mozam,Mozam,34l0Tq97QAyGqez6NlSYIO,https://p.scdn.co/mp3-preview/62978c8e1d5532fc6d87b9791ea4ce3089809528?cid=461b02dc885841c0a798981c336f46f0,Mozam,√Çme ,3038,39493,1,7
10837," - √Çme @ Takeover, Yalta Club, Sofia - 3038"," - √Çme @ Takeover, Yalta Club, Sofia", Eagles & Butterflies - X, Eagles & Butterflies,X,X,3unjhBnlIvbmWUo739nclu,https://p.scdn.co/mp3-preview/93aa55f889978ae0e5cebdc0e60bbef77eb5adcc?cid=461b02dc885841c0a798981c336f46f0,X,√Çme ,3038,48989,1,6
19193," - √Çme @ Takeover, Yalta Club, Sofia - 3038"," - √Çme @ Takeover, Yalta Club, Sofia", Mano Le Tough - Big Words From The Small Mouth, Mano Le Tough,Big Words From The Small Mouth,Big Words From The Small Mouth,3Wyr1ZnLZP7xebID1bGzbZ,https://p.scdn.co/mp3-preview/f897a019382fa54330b9961f5b4937903153727b?cid=461b02dc885841c0a798981c336f46f0,Big Words From The Small Mouth,√Çme ,3038,49963,1,3
19195," - √Çme @ Takeover, Yalta Club, Sofia - 3038"," - √Çme @ Takeover, Yalta Club, Sofia", Marc Houle - I Don‚Äôt Want To Watch You Read (The Golden Filter Remix), Marc Houle,I Don‚Äôt Want To Watch You Read (The Golden Filter Remix),I Don't Want To Watch You Read - The Golden Filter Remix,69IShTe5Fe1MVyXbvIhBG1,https://p.scdn.co/mp3-preview/8987e45d388e8afb6ba75f4f710159292f396038?cid=461b02dc885841c0a798981c336f46f0,I Don‚Äôt Want To Watch You Read (The Golden Filter Remix),√Çme ,3038,78231,1,5
14379, - √Çme b2b Dixon - Essential Mix - 3039, - √Çme b2b Dixon - Essential Mix, Recondite - Solan, Recondite,Solan,Solan,0kX59Re60XfhYJJGnM6Wfl,https://p.scdn.co/mp3-preview/dc230da95f96158d5c8a9721af283a9f1bd00333?cid=461b02dc885841c0a798981c336f46f0,Solan,√Çme b2b Dixon,3039,6567,1,2
14378, - √Çme b2b Dixon - Essential Mix - 3039, - √Çme b2b Dixon - Essential Mix, Drugs - Brain On Drugs (Ch√¢teau Flight Dub) [Versatile - VERCD 012], Drugs,Brain On Drugs (Ch√¢teau Flight Dub) [Versatile,Brain on Drugs - Chateau Flight Dub,28ZOnZIYe6XUG6MMwn9mRQ,https://p.scdn.co/mp3-preview/7f86136d104cef06b27486969344bee6f363fc14?cid=461b02dc885841c0a798981c336f46f0,Brain On Drugs (Ch√¢teau Flight Dub) [Versatile,√Çme b2b Dixon,3039,27614,1,1
65297," - √Çme b2b Dixon @ The Hydra Innervisions, Troxy, London - 3040"," - √Çme b2b Dixon @ The Hydra Innervisions, Troxy, London", Alex Smoke - Dust (Mano Le Tough Remix), Alex Smoke,Dust (Mano Le Tough Remix),Dust - Mano Le Tough Remix,0cFYYa8hsbBmbjKQApmo0q,https://p.scdn.co/mp3-preview/700e56039141551848cb21b644725ac088a27cd4?cid=461b02dc885841c0a798981c336f46f0,Dust (Mano Le Tough Remix),√Çme b2b Dixon ,3040,3059,1,1
65292," - √Çme b2b Dixon @ The Hydra Innervisions, Troxy, London - 3040"," - √Çme b2b Dixon @ The Hydra Innervisions, Troxy, London", Toto Chiavetta - Nothing Really Matters, Toto Chiavetta,Nothing Really Matters,Nothing Really Matters - Trikk Private Dub,17qeDOCJVgieXL9RsGq59u,https://p.scdn.co/mp3-preview/dadea87b29ee43686b50ec3f35c41fb4fd1de902?cid=461b02dc885841c0a798981c336f46f0,Nothing Really Matters,√Çme b2b Dixon ,3040,14460,1,3
65293," - √Çme b2b Dixon @ The Hydra Innervisions, Troxy, London - 3040"," - √Çme b2b Dixon @ The Hydra Innervisions, Troxy, London", Switchdance - Amolador, Switchdance,Amolador,O Amolador,1xLzsF3E6km58kyh88MzgK,https://p.scdn.co/mp3-preview/f785e7138fec4a1a59dd23c68b09d9a0dc73b82a?cid=461b02dc885841c0a798981c336f46f0,Amolador,√Çme b2b Dixon ,3040,24641,1,4
65294," - √Çme b2b Dixon @ The Hydra Innervisions, Troxy, London - 3040"," - √Çme b2b Dixon @ The Hydra Innervisions, Troxy, London", Cubicolor - Dead End Thrills (Patrice B√§umel Remix), Cubicolor,Dead End Thrills (Patrice B√§umel Remix),Dead End Thrills - Patrice B√§umel Remix,3MEjDXwQWnDzqwRanBgFzm,https://p.scdn.co/mp3-preview/fd529b6017480ab5e59db385a130f2653f357977?cid=461b02dc885841c0a798981c336f46f0,Dead End Thrills (Patrice B√§umel Remix),√Çme b2b Dixon ,3040,45586,1,13
65291," - √Çme b2b Dixon @ The Hydra Innervisions, Troxy, London - 3040"," - √Çme b2b Dixon @ The Hydra Innervisions, Troxy, London", Kings Of Tomorrow - Kaoz (Dario D'attis Remix), Kings Of Tomorrow,Kaoz (Dario D'attis Remix),Kaoz - Dario D'Attis Remix,5NXOIHuaiOUPU6FOmi1OK7,https://p.scdn.co/mp3-preview/c3b002d939b9147e2cae58f8e4e71b05d898ae4c?cid=461b02dc885841c0a798981c336f46f0,Kaoz (Dario D'attis Remix),√Çme b2b Dixon ,3040,71370,1,7
22086, - √ñona Dahl - Deep House London Mix 165 - 3041, - √ñona Dahl - Deep House London Mix 165,Ryan Davis - Brun (Luca Bacchetti Endless Remix),Ryan Davis,Brun (Luca Bacchetti Endless Remix),Brun - Luca Bacchetti Endless Remix,0PmLz4HMIeE3xfnqKjgtui,https://p.scdn.co/mp3-preview/8d6c89723b45e07c444461905feb9b0c57a1dc6d?cid=461b02dc885841c0a798981c336f46f0,Brun (Luca Bacchetti Endless Remix),√ñona Dahl,3041,8533,1,11
116979, - √ñona Dahl - Deep House London Mix 165 - 3041, - √ñona Dahl - Deep House London Mix 165,One Of Them - Niko It's A Bad Dream (Sean Palm & Xatt Xavier's Gravity Pimp Remix),One Of Them,Niko It's A Bad Dream (Sean Palm & Xatt Xavier's Gravity Pimp Remix),Niko It's A Bad Dream - Sean Palm & Xatt Xavier's Gravity Pimp Remix,0POwY8LglzeV2N9jTpdzuZ,https://p.scdn.co/mp3-preview/ff28090f7e66f585072cda13d31e4dce4382152e?cid=461b02dc885841c0a798981c336f46f0,Niko It's A Bad Dream (Sean Palm & Xatt Xavier's Gravity Pimp Remix),√ñona Dahl,3041,8574,1,1
116978, - √ñona Dahl - Deep House London Mix 165 - 3041, - √ñona Dahl - Deep House London Mix 165,Mike Griego - People Change (Mono Electric Orchestra Remix),Mike Griego,People Change (Mono Electric Orchestra Remix),People Change - Mono Electric Orchestra Remix,0yD6TiWBzpkonupCGli5A1,https://p.scdn.co/mp3-preview/13085cb2e5b64b83f16c14020d7a67339b6d541a?cid=461b02dc885841c0a798981c336f46f0,People Change (Mono Electric Orchestra Remix),√ñona Dahl,3041,12103,1,1
116981, - √ñona Dahl - Deep House London Mix 165 - 3041, - √ñona Dahl - Deep House London Mix 165,Ugoluna - Kukenan,Ugoluna,Kukenan,Kukenan - Original Mix,3u9WWrk2wmIECFNCQxZy1K,https://p.scdn.co/mp3-preview/54583b458e5fc787a7e39d614aca7040874425a0?cid=461b02dc885841c0a798981c336f46f0,Kukenan,√ñona Dahl,3041,48826,1,1
116980, - √ñona Dahl - Deep House London Mix 165 - 3041, - √ñona Dahl - Deep House London Mix 165,Damabiah - Sur Les Genoux D L√Ç'Automne,Damabiah,Sur Les Genoux D L√Ç'Automne,Sur Les Genoux De L'automne - Henry Saiz Remix [Mix Cut],3ybJmF558LFhdZvBSaVJHh,https://p.scdn.co/mp3-preview/601023aef00b6aba1356de61476a351538b11393?cid=461b02dc885841c0a798981c336f46f0,Sur Les Genoux D L√Ç'Automne,√ñona Dahl,3041,50452,1,2
116977, - √ñona Dahl - Deep House London Mix 165 - 3041, - √ñona Dahl - Deep House London Mix 165,Robert R. Hardy - Last Indos (Nicholas Van Orton Remix),Robert R. Hardy,Last Indos (Nicholas Van Orton Remix),Last Indos - Nicholas Van Orton Remix,7BqqA5KA1HYJcy51VRrudt,https://p.scdn.co/mp3-preview/e7d034985498e40d0ce92535843d4eada21e2ebd?cid=461b02dc885841c0a798981c336f46f0,Last Indos (Nicholas Van Orton Remix),√ñona Dahl,3041,91921,1,1
165305," - √ñona Dahl @ Clinic, The Sayers Club, Los Angeles - 3042"," - √ñona Dahl @ Clinic, The Sayers Club, Los Angeles", Will Saul - By Your Side, Will Saul,By Your Side,By Your Side - Mixed,0O9KJ1I2AVsWV2WVOhH7cn,https://p.scdn.co/mp3-preview/9658e263273e15694576a4ee802c6983928b314c?cid=461b02dc885841c0a798981c336f46f0,By Your Side,√ñona Dahl ,3042,7923,1,2
185258," - √ñona Dahl @ Clinic, The Sayers Club, Los Angeles - 3042"," - √ñona Dahl @ Clinic, The Sayers Club, Los Angeles", Kosmas - Addventures, Kosmas,Addventures,Addventures,0xJA0nLVEyZ03kO9i7nL1S,https://p.scdn.co/mp3-preview/4490c03fb7e46ce2b195dcdb26ccdada838771fd?cid=461b02dc885841c0a798981c336f46f0,Addventures,√ñona Dahl ,3042,11764,1,1
185265," - √ñona Dahl @ Clinic, The Sayers Club, Los Angeles - 3042"," - √ñona Dahl @ Clinic, The Sayers Club, Los Angeles", Darlyn Vlys - Runner (Zombies In Miami Remix), Darlyn Vlys,Runner (Zombies In Miami Remix),Runner - Zombies In Miami Remix,226z2y7GEXqI4txIq2d8Ql,https://p.scdn.co/mp3-preview/8774e362110a1557b7687e5d50872464424a61d3?cid=461b02dc885841c0a798981c336f46f0,Runner (Zombies In Miami Remix),√ñona Dahl ,3042,26148,1,1
185263," - √ñona Dahl @ Clinic, The Sayers Club, Los Angeles - 3042"," - √ñona Dahl @ Clinic, The Sayers Club, Los Angeles", Letkolben - Weird Times (Improved Mix), Letkolben,Weird Times (Improved Mix),Weird Times - Improved Mix,2Bznhn9vFkyvcPlaSG0rCO,https://p.scdn.co/mp3-preview/dc681fd543486c960760ffc2e39f748f3f53316b?cid=461b02dc885841c0a798981c336f46f0,Weird Times (Improved Mix),√ñona Dahl ,3042,28645,1,1
185264," - √ñona Dahl @ Clinic, The Sayers Club, Los Angeles - 3042"," - √ñona Dahl @ Clinic, The Sayers Club, Los Angeles", Radyon - Spyglass, Radyon,Spyglass,Spyglass,2pXawbSnhQzWNMyNvauYeO,https://p.scdn.co/mp3-preview/ca7d05a1f587e20dba080473703692a67770c8b6?cid=461b02dc885841c0a798981c336f46f0,Spyglass,√ñona Dahl ,3042,34446,1,1
185254," - √ñona Dahl @ Clinic, The Sayers Club, Los Angeles - 3042"," - √ñona Dahl @ Clinic, The Sayers Club, Los Angeles", Tunnelvisions - Rafaka's Song (Fort Romeau Remix), Tunnelvisions,Rafaka's Song (Fort Romeau Remix),Rafaka's Song - Fort Romeau Remix,2QRDpniBB6ZzX6mFanlVvA,https://p.scdn.co/mp3-preview/0d08c1959bff14ce740e1bdca30ce28ef78a9f36?cid=461b02dc885841c0a798981c336f46f0,Rafaka's Song (Fort Romeau Remix),√ñona Dahl ,3042,34764,1,2
185256," - √ñona Dahl @ Clinic, The Sayers Club, Los Angeles - 3042"," - √ñona Dahl @ Clinic, The Sayers Club, Los Angeles", Aaaron & Deckert - Kyoto Bliss (Niko Schwind Remix), Aaaron & Deckert,Kyoto Bliss (Niko Schwind Remix),Kyoto Bliss - Niko Schwind Remix,3c5n7DxL0iPdFJ5hzjyVcw,https://p.scdn.co/mp3-preview/83607706e2e488ead854ade223b1ffcf25704b9d?cid=461b02dc885841c0a798981c336f46f0,Kyoto Bliss (Niko Schwind Remix),√ñona Dahl ,3042,41446,1,1
185262," - √ñona Dahl @ Clinic, The Sayers Club, Los Angeles - 3042"," - √ñona Dahl @ Clinic, The Sayers Club, Los Angeles", SPQH - Hawkins, SPQH,Hawkins,Spqh - Hawkins,3jSlaXDG5voQ1bTv4OBule,https://p.scdn.co/mp3-preview/1e68d63a3cf75eb92311cb3421233ef037295be8?cid=461b02dc885841c0a798981c336f46f0,Hawkins,√ñona Dahl ,3042,44587,1,1
185253," - √ñona Dahl @ Clinic, The Sayers Club, Los Angeles - 3042"," - √ñona Dahl @ Clinic, The Sayers Club, Los Angeles", Beatamines - You, Beatamines,You,You - Dub,3QyzmiQ0EVzsJ84BZpN1sI,https://p.scdn.co/mp3-preview/3b207b1167890bcee27db0c72ff0ef222eba3e60?cid=461b02dc885841c0a798981c336f46f0,You,√ñona Dahl ,3042,47528,1,1
185261," - √ñona Dahl @ Clinic, The Sayers Club, Los Angeles - 3042"," - √ñona Dahl @ Clinic, The Sayers Club, Los Angeles", √ñona Dahl - Soul Of The World, √ñona Dahl,Soul Of The World,Soul Of The World - Original Mix,3yrN6W2Md2nwCTSboeM6Xu,https://p.scdn.co/mp3-preview/a658b2aa1870dd91f00e3638b212581ae2d2b376?cid=461b02dc885841c0a798981c336f46f0,Soul Of The World,√ñona Dahl ,3042,50674,1,1
185259," - √ñona Dahl @ Clinic, The Sayers Club, Los Angeles - 3042"," - √ñona Dahl @ Clinic, The Sayers Club, Los Angeles", Schallkombuse - Regenbogenrutsche (Rauschhaus Remix), Schallkombuse,Regenbogenrutsche (Rauschhaus Remix),Regenbogenrutsche - Rauschhaus Remix,4e7H6hm1KZ2jhvO4NxVy21,https://p.scdn.co/mp3-preview/213d0a59da5acecc1f01a1eb4716f4ded58ce9bf?cid=461b02dc885841c0a798981c336f46f0,Regenbogenrutsche (Rauschhaus Remix),√ñona Dahl ,3042,54849,1,1
185266," - √ñona Dahl @ Clinic, The Sayers Club, Los Angeles - 3042"," - √ñona Dahl @ Clinic, The Sayers Club, Los Angeles", Kristian Heikkila - Kaukasus, Kristian Heikkila,Kaukasus,Kaukasus,5amSOtjfqJO2xFzAnU53sB,https://p.scdn.co/mp3-preview/b51fa6a36612d0f38d3995b0ae5caf2d7e49d2e8?cid=461b02dc885841c0a798981c336f46f0,Kaukasus,√ñona Dahl ,3042,66033,1,1
185257," - √ñona Dahl @ Clinic, The Sayers Club, Los Angeles - 3042"," - √ñona Dahl @ Clinic, The Sayers Club, Los Angeles", Animal Trainer - Yamato, Animal Trainer,Yamato,Yamato,6nlEHtIh6fnEAKwdugKOqA,https://p.scdn.co/mp3-preview/3dca9bac6f774bdf2ccb276d348389c00aab28a8?cid=461b02dc885841c0a798981c336f46f0,Yamato,√ñona Dahl ,3042,84038,1,1
185260," - √ñona Dahl @ Clinic, The Sayers Club, Los Angeles - 3042"," - √ñona Dahl @ Clinic, The Sayers Club, Los Angeles", Didacte - Oze (Felix Wittich Remix), Didacte,Oze (Felix Wittich Remix),Oze - Felix Wittich Remix,7CDjxPqvOsDnMn3XRSSn0G,https://p.scdn.co/mp3-preview/6cfa6ec14465c86535762e788abd005a92785dde?cid=461b02dc885841c0a798981c336f46f0,Oze (Felix Wittich Remix),√ñona Dahl ,3042,92163,1,1
94792," - √ò Phase (Live PA) @ Dekmantel Festival Day 2, Amsterdam - 3043"," - √ò Phase (Live PA) @ Dekmantel Festival Day 2, Amsterdam", √ò [Phase] - Submerged Metropolitan, √ò [Phase],Submerged Metropolitan,Submerged Metropolitan,3PgWTY9m53wLjsnK0AJsrq,https://p.scdn.co/mp3-preview/93fe5b4d28ef0045a44d77fd6f463ca9e2058056?cid=461b02dc885841c0a798981c336f46f0,Submerged Metropolitan,√ò Phase (Live PA) ,3043,46852,1,7
101735, - √òyvind Morken - Test Pressing 446 - 3044, - √òyvind Morken - Test Pressing 446, The Other People Place - Sorrow & A Cup Of Joe [Clone - C#27], The Other People Place,Sorrow & A Cup Of Joe [Clone,Sorrow & A Cup of Joe,20vkJauHjsY9wPhTtRJm9J,https://p.scdn.co/mp3-preview/0e3213b24b73a35ded7334b1a2e8f5bc67a58004?cid=461b02dc885841c0a798981c336f46f0,Sorrow & A Cup Of Joe [Clone,√òyvind Morken,3044,25855,1,1
101736, - √òyvind Morken - Test Pressing 446 - 3044, - √òyvind Morken - Test Pressing 446, Prins Emanuel - Land Of Joy [Music For Dreams - zzzv16009], Prins Emanuel,Land Of Joy [Music For Dreams,Land of Joy,2LxgW7SfDeBHCqStasdEsb,https://p.scdn.co/mp3-preview/8fad8ee1736df01d730ed66f8d4bd0d2b4645880?cid=461b02dc885841c0a798981c336f46f0,Land Of Joy [Music For Dreams,√òyvind Morken,3044,32826,1,1
166766, - √úberparadis - We Tape 29 - 3045, - √úberparadis - We Tape 29,Nu Guinea - Ddoje Facce,Nu Guinea,Ddoje Facce,Ddoje Facce,2eugKq2QsQ3TRJ4JgbdpzC,https://p.scdn.co/mp3-preview/399960044a83c23de7b59f410e303baaf9339145?cid=461b02dc885841c0a798981c336f46f0,Ddoje Facce,√úberparadis,3045,29833,1,6
35601, - √úberparadis - We Tape 29 - 3045, - √úberparadis - We Tape 29,Munk - Nigerian Jam,Munk,Nigerian Jam,Nigerian Jam,4dapiFcAjZd8xG0iQZzTT4,https://p.scdn.co/mp3-preview/83c2fe07aac596f63d275f669b6e76ea518af421?cid=461b02dc885841c0a798981c336f46f0,Nigerian Jam,√úberparadis,3045,54477,1,8
173323, - √úberparadis - We Tape 29 - 3045, - √úberparadis - We Tape 29,Bawrut - Tano,Bawrut,Tano,Tano,5opAekBn3YF9PPLczBuGP7,https://p.scdn.co/mp3-preview/8280302942c96bcc2376842928a867117c9bbee0?cid=461b02dc885841c0a798981c336f46f0,Tano,√úberparadis,3045,71650,1,1
173321, - √úberparadis - We Tape 29 - 3045, - √úberparadis - We Tape 29,Ohxala - The Laibon Dance,Ohxala,The Laibon Dance,The Laibon Dance,5sdr6hRXbDqMgl3i7Vb2FO,https://p.scdn.co/mp3-preview/9665b18aa2759682ee1737b59e32e35946ef9ec2?cid=461b02dc885841c0a798981c336f46f0,The Laibon Dance,√úberparadis,3045,73149,1,1
173320, - √úberparadis - We Tape 29 - 3045, - √úberparadis - We Tape 29,Khalab - Father And Grandpa,Khalab,Father And Grandpa,Father and Grandpa,5wGYLCJNR2VfQgiVXIh2M8,https://p.scdn.co/mp3-preview/c812d4b19e55edbad2fb15ee8033c3210c68cf90?cid=461b02dc885841c0a798981c336f46f0,Father And Grandpa,√úberparadis,3045,74827,1,1
173324, - √úberparadis - We Tape 29 - 3045, - √úberparadis - We Tape 29,King Gizzard And The Lizard Wizard - Billabong Valley,King Gizzard And The Lizard Wizard,Billabong Valley,Billabong Valley,6Guxzc2HWm30805EdkASNI,https://p.scdn.co/mp3-preview/633f5c952dbc924073869fdb860a4f096386b74a?cid=461b02dc885841c0a798981c336f46f0,Billabong Valley,√úberparadis,3045,81194,1,1
173319, - √úberparadis - We Tape 29 - 3045, - √úberparadis - We Tape 29,Sabu Martinez - Jeanette,Sabu Martinez,Jeanette,Jeanette,74omXKWYGGFuCvQn9LskW3,https://p.scdn.co/mp3-preview/a6c7bc00831c3b662abbef1f671ac32d0c470957?cid=461b02dc885841c0a798981c336f46f0,Jeanette,√úberparadis,3045,90092,1,1
173322, - √úberparadis - We Tape 29 - 3045, - √úberparadis - We Tape 29,Ahmed Silan - Hemalot,Ahmed Silan,Hemalot,Hemalot,7q8ElCzn9av75idAmT6Iyf,https://p.scdn.co/mp3-preview/ae48b90967689ca6370108b4418f103adc53ec06?cid=461b02dc885841c0a798981c336f46f0,Hemalot,√úberparadis,3045,97171,1,1
143761, - √úllar Siir - Crown Ruler Mix 5 - 3046, - √úllar Siir - Crown Ruler Mix 5, Dalton - Soul Brother [Habibi Funk - HABIBI001], Dalton,Soul Brother [Habibi Funk,Soul Brother,1F1LWifaWA9NU1wPZNwJhU,https://p.scdn.co/mp3-preview/9c80d050496a8cb6b8f4ca541745504f542ceaa6?cid=461b02dc885841c0a798981c336f46f0,Soul Brother [Habibi Funk,√úllar Siir,3046,17018,1,4
121070," - ≈Åukasz Tomaszewski, ¬°MASH-UP!, Siriusmo, Lionza, Michael Mayer - COSMO Selektor - 1692"," - ≈Åukasz Tomaszewski, ¬°MASH-UP!, Siriusmo, Lionza, Michael Mayer - COSMO Selektor",Chassol - The Big Sun,Chassol,The Big Sun,The Big Sun (Intro√Øde),00TnSlh2PWHJq2O7z1ODKk,https://p.scdn.co/mp3-preview/b07ed600ba2b8d5eaf6cc4a2716b6f6fdb316104?cid=461b02dc885841c0a798981c336f46f0,The Big Sun, Lionza,1692,167,1,9
158112," - ≈Åukasz Tomaszewski, ¬°MASH-UP!, Siriusmo, Lionza, Michael Mayer - COSMO Selektor - 1692"," - ≈Åukasz Tomaszewski, ¬°MASH-UP!, Siriusmo, Lionza, Michael Mayer - COSMO Selektor", Huia - ƒÄio - Be At Peace [Te MƒÅngai PƒÅho], Huia,ƒÄio,ƒÄio,01FVFjGtVIVO3aGuoefWh5,https://p.scdn.co/mp3-preview/ea2c79bc16ab9cae6493e341adde3b26e6876c0a?cid=461b02dc885841c0a798981c336f46f0,ƒÄio, Lionza,1692,289,1,7
158560," - ≈Åukasz Tomaszewski, ¬°MASH-UP!, Siriusmo, Lionza, Michael Mayer - COSMO Selektor - 1692"," - ≈Åukasz Tomaszewski, ¬°MASH-UP!, Siriusmo, Lionza, Michael Mayer - COSMO Selektor",Marisela Leal - El Bla Bla Bla,Marisela Leal,El Bla Bla Bla,El Bla Bla Bla,0gMIt2dSKeA55cYYgwmP4T,https://p.scdn.co/mp3-preview/38ecc64b58c048fe517b815b7dd6f5670d84fbfe?cid=461b02dc885841c0a798981c336f46f0,El Bla Bla Bla, Lionza,1692,4762,1,5
121052," - ≈Åukasz Tomaszewski, ¬°MASH-UP!, Siriusmo, Lionza, Michael Mayer - COSMO Selektor - 1692"," - ≈Åukasz Tomaszewski, ¬°MASH-UP!, Siriusmo, Lionza, Michael Mayer - COSMO Selektor",Siriusmo - I Like My Voice,Siriusmo,I Like My Voice,I Like My Voice,0jtMUiEeREudBNeUG5i4nR,https://p.scdn.co/mp3-preview/73b3837707f50746d8396cdbbf0f44bd5da081f9?cid=461b02dc885841c0a798981c336f46f0,I Like My Voice, Lionza,1692,6064,1,9
158540," - ≈Åukasz Tomaszewski, ¬°MASH-UP!, Siriusmo, Lionza, Michael Mayer - COSMO Selektor - 1692"," - ≈Åukasz Tomaszewski, ¬°MASH-UP!, Siriusmo, Lionza, Michael Mayer - COSMO Selektor",Tropkillaz - Que Passa Amigo,Tropkillaz,Que Passa Amigo,Que Passa Amigo,1AI5EqOqDVmOKAn13cGx92,https://p.scdn.co/mp3-preview/a0c75a6ef48648888857a6e3e34d92938b1b5429?cid=461b02dc885841c0a798981c336f46f0,Que Passa Amigo, Lionza,1692,15127,1,5
158515," - ≈Åukasz Tomaszewski, ¬°MASH-UP!, Siriusmo, Lionza, Michael Mayer - COSMO Selektor - 1692"," - ≈Åukasz Tomaszewski, ¬°MASH-UP!, Siriusmo, Lionza, Michael Mayer - COSMO Selektor",Celia Cruz - La Vida Es Un Carnaval,Celia Cruz,La Vida Es Un Carnaval,La Vida Es Un Carnaval,1BwrMGGhPA6GarWIYaFrW8,,La Vida Es Un Carnaval, Lionza,1692,15741,1,5
121088," - ≈Åukasz Tomaszewski, ¬°MASH-UP!, Siriusmo, Lionza, Michael Mayer - COSMO Selektor - 1692"," - ≈Åukasz Tomaszewski, ¬°MASH-UP!, Siriusmo, Lionza, Michael Mayer - COSMO Selektor",Siriusmo - Good Idea,Siriusmo,Good Idea,Good Idea,1O79Sg0tFuyMFwcdVl7Ppt,https://p.scdn.co/mp3-preview/aa0f44a29ef59669159925f4318d0becec9f9037?cid=461b02dc885841c0a798981c336f46f0,Good Idea, Lionza,1692,20754,1,9
121124," - ≈Åukasz Tomaszewski, ¬°MASH-UP!, Siriusmo, Lionza, Michael Mayer - COSMO Selektor - 1692"," - ≈Åukasz Tomaszewski, ¬°MASH-UP!, Siriusmo, Lionza, Michael Mayer - COSMO Selektor",Prince Buster - Hypocrites,Prince Buster,Hypocrites,Hypocrites,1zhBkuQvx2QUVubPTBdN6u,https://p.scdn.co/mp3-preview/59e203cea56a7d611822bb521900c6535caf7cef?cid=461b02dc885841c0a798981c336f46f0,Hypocrites, Lionza,1692,25400,1,9
121079," - ≈Åukasz Tomaszewski, ¬°MASH-UP!, Siriusmo, Lionza, Michael Mayer - COSMO Selektor - 1692"," - ≈Åukasz Tomaszewski, ¬°MASH-UP!, Siriusmo, Lionza, Michael Mayer - COSMO Selektor",Vulfpeck - The Speedwalker,Vulfpeck,The Speedwalker,The Speedwalker,21IAkNOuOumRAh3gcTRznl,https://p.scdn.co/mp3-preview/f906b08ac3082777590feb49defbdb12547f463e?cid=461b02dc885841c0a798981c336f46f0,The Speedwalker, Lionza,1692,25983,1,9
158525," - ≈Åukasz Tomaszewski, ¬°MASH-UP!, Siriusmo, Lionza, Michael Mayer - COSMO Selektor - 1692"," - ≈Åukasz Tomaszewski, ¬°MASH-UP!, Siriusmo, Lionza, Michael Mayer - COSMO Selektor",Tripnotic - Trip Naughty,Tripnotic,Trip Naughty,Trip Naughty,2fARLymIe13yYbp4piqN8P,https://p.scdn.co/mp3-preview/e9824b0571d9f9540c068acdf4cb49e65c0632e1?cid=461b02dc885841c0a798981c336f46f0,Trip Naughty, Lionza,1692,29986,1,5
121043," - ≈Åukasz Tomaszewski, ¬°MASH-UP!, Siriusmo, Lionza, Michael Mayer - COSMO Selektor - 1692"," - ≈Åukasz Tomaszewski, ¬°MASH-UP!, Siriusmo, Lionza, Michael Mayer - COSMO Selektor",Siriusmo - Idiologie,Siriusmo,Idiologie,Idiologie,2oED4gOHSQYvdOleMbCi4M,https://p.scdn.co/mp3-preview/1ea50ee7d7630d19d2fd70d317260fccebbfe851?cid=461b02dc885841c0a798981c336f46f0,Idiologie, Lionza,1692,33791,1,9
158510," - ≈Åukasz Tomaszewski, ¬°MASH-UP!, Siriusmo, Lionza, Michael Mayer - COSMO Selektor - 1692"," - ≈Åukasz Tomaszewski, ¬°MASH-UP!, Siriusmo, Lionza, Michael Mayer - COSMO Selektor",Johnny Hooker - Corpo Fechado,Johnny Hooker,Corpo Fechado,Corpo Fechado,2QCEGIgwUPUwE0jObt9ME3,https://p.scdn.co/mp3-preview/6a995b0a45551ace7943b4ce7f69d40d34a9606e?cid=461b02dc885841c0a798981c336f46f0,Corpo Fechado, Lionza,1692,34564,1,5
158545," - ≈Åukasz Tomaszewski, ¬°MASH-UP!, Siriusmo, Lionza, Michael Mayer - COSMO Selektor - 1692"," - ≈Åukasz Tomaszewski, ¬°MASH-UP!, Siriusmo, Lionza, Michael Mayer - COSMO Selektor",Y-Dapt - Dimension,Y-Dapt,Dimension,Dimension,2VtlgT5mCiapdBGM2fpmpO,https://p.scdn.co/mp3-preview/ce673bf7d199f70e5707dd962c12a072ea2ec682?cid=461b02dc885841c0a798981c336f46f0,Dimension, Lionza,1692,36800,1,5
121061," - ≈Åukasz Tomaszewski, ¬°MASH-UP!, Siriusmo, Lionza, Michael Mayer - COSMO Selektor - 1692"," - ≈Åukasz Tomaszewski, ¬°MASH-UP!, Siriusmo, Lionza, Michael Mayer - COSMO Selektor",Vulfpeck - Kuhmilch,Vulfpeck,Kuhmilch,Kuhmilch 74 BPM,3jgh8Ja6fdKDSBhQennIG0,,Kuhmilch, Lionza,1692,44412,1,9
158530," - ≈Åukasz Tomaszewski, ¬°MASH-UP!, Siriusmo, Lionza, Michael Mayer - COSMO Selektor - 1692"," - ≈Åukasz Tomaszewski, ¬°MASH-UP!, Siriusmo, Lionza, Michael Mayer - COSMO Selektor",Uproot Andy - La Vida Vale La Pena,Uproot Andy,La Vida Vale La Pena,La Vida Vale La Pena,3Qxkbb0uB33zUiRq6CXzwa,https://p.scdn.co/mp3-preview/0e59852707d4966c3b8de47ff7214a6448c086d4?cid=461b02dc885841c0a798981c336f46f0,La Vida Vale La Pena, Lionza,1692,47501,1,5
158565," - ≈Åukasz Tomaszewski, ¬°MASH-UP!, Siriusmo, Lionza, Michael Mayer - COSMO Selektor - 1692"," - ≈Åukasz Tomaszewski, ¬°MASH-UP!, Siriusmo, Lionza, Michael Mayer - COSMO Selektor",Aquiles B√°ez Tr√≠o - As√≠ Dice Mi Negro,Aquiles B√°ez Tr√≠o,As√≠ Dice Mi Negro,As√≠ Dice Mi Negro,3UlMtrszQ7dGB7tWDhjmPl,https://p.scdn.co/mp3-preview/177edfa96b5c1aa7c48a77964d18d30256c2978a?cid=461b02dc885841c0a798981c336f46f0,As√≠ Dice Mi Negro, Lionza,1692,48963,1,5
158520," - ≈Åukasz Tomaszewski, ¬°MASH-UP!, Siriusmo, Lionza, Michael Mayer - COSMO Selektor - 1692"," - ≈Åukasz Tomaszewski, ¬°MASH-UP!, Siriusmo, Lionza, Michael Mayer - COSMO Selektor",J Balvin + Willy William - Mi Gente,J Balvin + Willy William,Mi Gente,Mi Gente,4ipnJyDU3Lq15qBAYNqlqK,,Mi Gente, Lionza,1692,56741,1,17
121034," - ≈Åukasz Tomaszewski, ¬°MASH-UP!, Siriusmo, Lionza, Michael Mayer - COSMO Selektor - 1692"," - ≈Åukasz Tomaszewski, ¬°MASH-UP!, Siriusmo, Lionza, Michael Mayer - COSMO Selektor",Siriusmo - Berlin Berlin,Siriusmo,Berlin Berlin,Urlaub in Berlin - Original Version,4yEqiGQfcT7qWClfpiTJCa,https://p.scdn.co/mp3-preview/02bfbfc99f787e0f538123346d6b0f825fb23ccf?cid=461b02dc885841c0a798981c336f46f0,Berlin Berlin, Lionza,1692,63152,1,9
121106," - ≈Åukasz Tomaszewski, ¬°MASH-UP!, Siriusmo, Lionza, Michael Mayer - COSMO Selektor - 1692"," - ≈Åukasz Tomaszewski, ¬°MASH-UP!, Siriusmo, Lionza, Michael Mayer - COSMO Selektor",Siriusmo - Mosaik,Siriusmo,Mosaik,Mosaik,5ISviVKv5NnVPRoE9MpvLz,https://p.scdn.co/mp3-preview/c4c79f0d5bd6c013026369776edc495ff6f6a524?cid=461b02dc885841c0a798981c336f46f0,Mosaik, Lionza,1692,69277,1,9
158535," - ≈Åukasz Tomaszewski, ¬°MASH-UP!, Siriusmo, Lionza, Michael Mayer - COSMO Selektor - 1692"," - ≈Åukasz Tomaszewski, ¬°MASH-UP!, Siriusmo, Lionza, Michael Mayer - COSMO Selektor","MC Fioti, Future, J Balvin, Stefflon Don, Juan Magan - Bum Bum Tam Tam (Jax Jones Remix)","MC Fioti, Future, J Balvin, Stefflon Don, Juan Magan",Bum Bum Tam Tam (Jax Jones Remix),Bum Bum Tam Tam - Jax Jones Remix,5NOuNThafeyeuqjD4q6fzt,,Bum Bum Tam Tam (Jax Jones Remix), Lionza,1692,71228,1,5
158555," - ≈Åukasz Tomaszewski, ¬°MASH-UP!, Siriusmo, Lionza, Michael Mayer - COSMO Selektor - 1692"," - ≈Åukasz Tomaszewski, ¬°MASH-UP!, Siriusmo, Lionza, Michael Mayer - COSMO Selektor",Koromoto - Aleisi,Koromoto,Aleisi,Aleisi,5QJiK14R0k2025GwwyluTT,https://p.scdn.co/mp3-preview/d6a4e475c4771924049c589dc5ba1d6fc07c04e3?cid=461b02dc885841c0a798981c336f46f0,Aleisi, Lionza,1692,72380,1,5
121115," - ≈Åukasz Tomaszewski, ¬°MASH-UP!, Siriusmo, Lionza, Michael Mayer - COSMO Selektor - 1692"," - ≈Åukasz Tomaszewski, ¬°MASH-UP!, Siriusmo, Lionza, Michael Mayer - COSMO Selektor",Oscar Peterson - Samba de Orfeu,Oscar Peterson,Samba de Orfeu,Samba De Orfeu,5r0LYUBpYcc1LriO90tAvJ,,Samba de Orfeu, Lionza,1692,72597,1,9
158550," - ≈Åukasz Tomaszewski, ¬°MASH-UP!, Siriusmo, Lionza, Michael Mayer - COSMO Selektor - 1692"," - ≈Åukasz Tomaszewski, ¬°MASH-UP!, Siriusmo, Lionza, Michael Mayer - COSMO Selektor",Unknown - Berlin,Unknown,Berlin,Unknown Berlin - Blondbeats,5uXghC3S2wh4end3sTOMju,https://p.scdn.co/mp3-preview/f6bc9b6f9a3c560cfc5e0fc946be088bd41e5773?cid=461b02dc885841c0a798981c336f46f0,Berlin, Lionza,1692,74259,1,5
158570," - ≈Åukasz Tomaszewski, ¬°MASH-UP!, Siriusmo, Lionza, Michael Mayer - COSMO Selektor - 1692"," - ≈Åukasz Tomaszewski, ¬°MASH-UP!, Siriusmo, Lionza, Michael Mayer - COSMO Selektor",Afrocodigos - Homenaje,Afrocodigos,Homenaje,Homenaje,60ZOoPYYA1xb0IK019YjEk,https://p.scdn.co/mp3-preview/840d3fafa2f2bbd2110fd6e0bbfff78aa93c76fd?cid=461b02dc885841c0a798981c336f46f0,Homenaje, Lionza,1692,76546,1,5
117351," - ≈Åukasz Tomaszewski, ¬°MASH-UP!, Siriusmo, Lionza, Michael Mayer - COSMO Selektor - 1692"," - ≈Åukasz Tomaszewski, ¬°MASH-UP!, Siriusmo, Lionza, Michael Mayer - COSMO Selektor",Cardi B - Bodak Yellow,Cardi B,Bodak Yellow,Bodak Yellow,6KBYefIoo7KydImq1uUQlL,https://p.scdn.co/mp3-preview/cab6e91217590b37cc254585f3f951c5a5280375?cid=461b02dc885841c0a798981c336f46f0,Bodak Yellow, Lionza,1692,82625,1,47
121097," - ≈Åukasz Tomaszewski, ¬°MASH-UP!, Siriusmo, Lionza, Michael Mayer - COSMO Selektor - 1692"," - ≈Åukasz Tomaszewski, ¬°MASH-UP!, Siriusmo, Lionza, Michael Mayer - COSMO Selektor",Squarepusher - Kill Robok,Squarepusher,Kill Robok,Kill Robok,6os1lf0O8XyPqxPCBME6L5,https://p.scdn.co/mp3-preview/930e2350b194c51928396b049ce2228d28becc4c?cid=461b02dc885841c0a798981c336f46f0,Kill Robok, Lionza,1692,84567,1,9
121071," - ≈Åukasz Tomaszewski, ¬°MASH-UP!, Siriusmo, Lionza, Michael Mayer - COSMO Selektor - 1920"," - ≈Åukasz Tomaszewski, ¬°MASH-UP!, Siriusmo, Lionza, Michael Mayer - COSMO Selektor",Chassol - The Big Sun,Chassol,The Big Sun,The Big Sun (Intro√Øde),00TnSlh2PWHJq2O7z1ODKk,https://p.scdn.co/mp3-preview/b07ed600ba2b8d5eaf6cc4a2716b6f6fdb316104?cid=461b02dc885841c0a798981c336f46f0,The Big Sun, Michael Mayer,1920,167,1,9
158113," - ≈Åukasz Tomaszewski, ¬°MASH-UP!, Siriusmo, Lionza, Michael Mayer - COSMO Selektor - 1920"," - ≈Åukasz Tomaszewski, ¬°MASH-UP!, Siriusmo, Lionza, Michael Mayer - COSMO Selektor", Huia - ƒÄio - Be At Peace [Te MƒÅngai PƒÅho], Huia,ƒÄio,ƒÄio,01FVFjGtVIVO3aGuoefWh5,https://p.scdn.co/mp3-preview/ea2c79bc16ab9cae6493e341adde3b26e6876c0a?cid=461b02dc885841c0a798981c336f46f0,ƒÄio, Michael Mayer,1920,289,1,7
158561," - ≈Åukasz Tomaszewski, ¬°MASH-UP!, Siriusmo, Lionza, Michael Mayer - COSMO Selektor - 1920"," - ≈Åukasz Tomaszewski, ¬°MASH-UP!, Siriusmo, Lionza, Michael Mayer - COSMO Selektor",Marisela Leal - El Bla Bla Bla,Marisela Leal,El Bla Bla Bla,El Bla Bla Bla,0gMIt2dSKeA55cYYgwmP4T,https://p.scdn.co/mp3-preview/38ecc64b58c048fe517b815b7dd6f5670d84fbfe?cid=461b02dc885841c0a798981c336f46f0,El Bla Bla Bla, Michael Mayer,1920,4762,1,5
121053," - ≈Åukasz Tomaszewski, ¬°MASH-UP!, Siriusmo, Lionza, Michael Mayer - COSMO Selektor - 1920"," - ≈Åukasz Tomaszewski, ¬°MASH-UP!, Siriusmo, Lionza, Michael Mayer - COSMO Selektor",Siriusmo - I Like My Voice,Siriusmo,I Like My Voice,I Like My Voice,0jtMUiEeREudBNeUG5i4nR,https://p.scdn.co/mp3-preview/73b3837707f50746d8396cdbbf0f44bd5da081f9?cid=461b02dc885841c0a798981c336f46f0,I Like My Voice, Michael Mayer,1920,6064,1,9
158541," - ≈Åukasz Tomaszewski, ¬°MASH-UP!, Siriusmo, Lionza, Michael Mayer - COSMO Selektor - 1920"," - ≈Åukasz Tomaszewski, ¬°MASH-UP!, Siriusmo, Lionza, Michael Mayer - COSMO Selektor",Tropkillaz - Que Passa Amigo,Tropkillaz,Que Passa Amigo,Que Passa Amigo,1AI5EqOqDVmOKAn13cGx92,https://p.scdn.co/mp3-preview/a0c75a6ef48648888857a6e3e34d92938b1b5429?cid=461b02dc885841c0a798981c336f46f0,Que Passa Amigo, Michael Mayer,1920,15127,1,5
158516," - ≈Åukasz Tomaszewski, ¬°MASH-UP!, Siriusmo, Lionza, Michael Mayer - COSMO Selektor - 1920"," - ≈Åukasz Tomaszewski, ¬°MASH-UP!, Siriusmo, Lionza, Michael Mayer - COSMO Selektor",Celia Cruz - La Vida Es Un Carnaval,Celia Cruz,La Vida Es Un Carnaval,La Vida Es Un Carnaval,1BwrMGGhPA6GarWIYaFrW8,,La Vida Es Un Carnaval, Michael Mayer,1920,15741,1,5
121089," - ≈Åukasz Tomaszewski, ¬°MASH-UP!, Siriusmo, Lionza, Michael Mayer - COSMO Selektor - 1920"," - ≈Åukasz Tomaszewski, ¬°MASH-UP!, Siriusmo, Lionza, Michael Mayer - COSMO Selektor",Siriusmo - Good Idea,Siriusmo,Good Idea,Good Idea,1O79Sg0tFuyMFwcdVl7Ppt,https://p.scdn.co/mp3-preview/aa0f44a29ef59669159925f4318d0becec9f9037?cid=461b02dc885841c0a798981c336f46f0,Good Idea, Michael Mayer,1920,20754,1,9
121125," - ≈Åukasz Tomaszewski, ¬°MASH-UP!, Siriusmo, Lionza, Michael Mayer - COSMO Selektor - 1920"," - ≈Åukasz Tomaszewski, ¬°MASH-UP!, Siriusmo, Lionza, Michael Mayer - COSMO Selektor",Prince Buster - Hypocrites,Prince Buster,Hypocrites,Hypocrites,1zhBkuQvx2QUVubPTBdN6u,https://p.scdn.co/mp3-preview/59e203cea56a7d611822bb521900c6535caf7cef?cid=461b02dc885841c0a798981c336f46f0,Hypocrites, Michael Mayer,1920,25400,1,9
121080," - ≈Åukasz Tomaszewski, ¬°MASH-UP!, Siriusmo, Lionza, Michael Mayer - COSMO Selektor - 1920"," - ≈Åukasz Tomaszewski, ¬°MASH-UP!, Siriusmo, Lionza, Michael Mayer - COSMO Selektor",Vulfpeck - The Speedwalker,Vulfpeck,The Speedwalker,The Speedwalker,21IAkNOuOumRAh3gcTRznl,https://p.scdn.co/mp3-preview/f906b08ac3082777590feb49defbdb12547f463e?cid=461b02dc885841c0a798981c336f46f0,The Speedwalker, Michael Mayer,1920,25983,1,9
158526," - ≈Åukasz Tomaszewski, ¬°MASH-UP!, Siriusmo, Lionza, Michael Mayer - COSMO Selektor - 1920"," - ≈Åukasz Tomaszewski, ¬°MASH-UP!, Siriusmo, Lionza, Michael Mayer - COSMO Selektor",Tripnotic - Trip Naughty,Tripnotic,Trip Naughty,Trip Naughty,2fARLymIe13yYbp4piqN8P,https://p.scdn.co/mp3-preview/e9824b0571d9f9540c068acdf4cb49e65c0632e1?cid=461b02dc885841c0a798981c336f46f0,Trip Naughty, Michael Mayer,1920,29986,1,5
121044," - ≈Åukasz Tomaszewski, ¬°MASH-UP!, Siriusmo, Lionza, Michael Mayer - COSMO Selektor - 1920"," - ≈Åukasz Tomaszewski, ¬°MASH-UP!, Siriusmo, Lionza, Michael Mayer - COSMO Selektor",Siriusmo - Idiologie,Siriusmo,Idiologie,Idiologie,2oED4gOHSQYvdOleMbCi4M,https://p.scdn.co/mp3-preview/1ea50ee7d7630d19d2fd70d317260fccebbfe851?cid=461b02dc885841c0a798981c336f46f0,Idiologie, Michael Mayer,1920,33791,1,9
158511," - ≈Åukasz Tomaszewski, ¬°MASH-UP!, Siriusmo, Lionza, Michael Mayer - COSMO Selektor - 1920"," - ≈Åukasz Tomaszewski, ¬°MASH-UP!, Siriusmo, Lionza, Michael Mayer - COSMO Selektor",Johnny Hooker - Corpo Fechado,Johnny Hooker,Corpo Fechado,Corpo Fechado,2QCEGIgwUPUwE0jObt9ME3,https://p.scdn.co/mp3-preview/6a995b0a45551ace7943b4ce7f69d40d34a9606e?cid=461b02dc885841c0a798981c336f46f0,Corpo Fechado, Michael Mayer,1920,34564,1,5
158546," - ≈Åukasz Tomaszewski, ¬°MASH-UP!, Siriusmo, Lionza, Michael Mayer - COSMO Selektor - 1920"," - ≈Åukasz Tomaszewski, ¬°MASH-UP!, Siriusmo, Lionza, Michael Mayer - COSMO Selektor",Y-Dapt - Dimension,Y-Dapt,Dimension,Dimension,2VtlgT5mCiapdBGM2fpmpO,https://p.scdn.co/mp3-preview/ce673bf7d199f70e5707dd962c12a072ea2ec682?cid=461b02dc885841c0a798981c336f46f0,Dimension, Michael Mayer,1920,36800,1,5
121062," - ≈Åukasz Tomaszewski, ¬°MASH-UP!, Siriusmo, Lionza, Michael Mayer - COSMO Selektor - 1920"," - ≈Åukasz Tomaszewski, ¬°MASH-UP!, Siriusmo, Lionza, Michael Mayer - COSMO Selektor",Vulfpeck - Kuhmilch,Vulfpeck,Kuhmilch,Kuhmilch 74 BPM,3jgh8Ja6fdKDSBhQennIG0,,Kuhmilch, Michael Mayer,1920,44412,1,9
158531," - ≈Åukasz Tomaszewski, ¬°MASH-UP!, Siriusmo, Lionza, Michael Mayer - COSMO Selektor - 1920"," - ≈Åukasz Tomaszewski, ¬°MASH-UP!, Siriusmo, Lionza, Michael Mayer - COSMO Selektor",Uproot Andy - La Vida Vale La Pena,Uproot Andy,La Vida Vale La Pena,La Vida Vale La Pena,3Qxkbb0uB33zUiRq6CXzwa,https://p.scdn.co/mp3-preview/0e59852707d4966c3b8de47ff7214a6448c086d4?cid=461b02dc885841c0a798981c336f46f0,La Vida Vale La Pena, Michael Mayer,1920,47501,1,5
158566," - ≈Åukasz Tomaszewski, ¬°MASH-UP!, Siriusmo, Lionza, Michael Mayer - COSMO Selektor - 1920"," - ≈Åukasz Tomaszewski, ¬°MASH-UP!, Siriusmo, Lionza, Michael Mayer - COSMO Selektor",Aquiles B√°ez Tr√≠o - As√≠ Dice Mi Negro,Aquiles B√°ez Tr√≠o,As√≠ Dice Mi Negro,As√≠ Dice Mi Negro,3UlMtrszQ7dGB7tWDhjmPl,https://p.scdn.co/mp3-preview/177edfa96b5c1aa7c48a77964d18d30256c2978a?cid=461b02dc885841c0a798981c336f46f0,As√≠ Dice Mi Negro, Michael Mayer,1920,48963,1,5
158521," - ≈Åukasz Tomaszewski, ¬°MASH-UP!, Siriusmo, Lionza, Michael Mayer - COSMO Selektor - 1920"," - ≈Åukasz Tomaszewski, ¬°MASH-UP!, Siriusmo, Lionza, Michael Mayer - COSMO Selektor",J Balvin + Willy William - Mi Gente,J Balvin + Willy William,Mi Gente,Mi Gente,4ipnJyDU3Lq15qBAYNqlqK,,Mi Gente, Michael Mayer,1920,56741,1,17
121035," - ≈Åukasz Tomaszewski, ¬°MASH-UP!, Siriusmo, Lionza, Michael Mayer - COSMO Selektor - 1920"," - ≈Åukasz Tomaszewski, ¬°MASH-UP!, Siriusmo, Lionza, Michael Mayer - COSMO Selektor",Siriusmo - Berlin Berlin,Siriusmo,Berlin Berlin,Urlaub in Berlin - Original Version,4yEqiGQfcT7qWClfpiTJCa,https://p.scdn.co/mp3-preview/02bfbfc99f787e0f538123346d6b0f825fb23ccf?cid=461b02dc885841c0a798981c336f46f0,Berlin Berlin, Michael Mayer,1920,63152,1,9
121107," - ≈Åukasz Tomaszewski, ¬°MASH-UP!, Siriusmo, Lionza, Michael Mayer - COSMO Selektor - 1920"," - ≈Åukasz Tomaszewski, ¬°MASH-UP!, Siriusmo, Lionza, Michael Mayer - COSMO Selektor",Siriusmo - Mosaik,Siriusmo,Mosaik,Mosaik,5ISviVKv5NnVPRoE9MpvLz,https://p.scdn.co/mp3-preview/c4c79f0d5bd6c013026369776edc495ff6f6a524?cid=461b02dc885841c0a798981c336f46f0,Mosaik, Michael Mayer,1920,69277,1,9
158536," - ≈Åukasz Tomaszewski, ¬°MASH-UP!, Siriusmo, Lionza, Michael Mayer - COSMO Selektor - 1920"," - ≈Åukasz Tomaszewski, ¬°MASH-UP!, Siriusmo, Lionza, Michael Mayer - COSMO Selektor","MC Fioti, Future, J Balvin, Stefflon Don, Juan Magan - Bum Bum Tam Tam (Jax Jones Remix)","MC Fioti, Future, J Balvin, Stefflon Don, Juan Magan",Bum Bum Tam Tam (Jax Jones Remix),Bum Bum Tam Tam - Jax Jones Remix,5NOuNThafeyeuqjD4q6fzt,,Bum Bum Tam Tam (Jax Jones Remix), Michael Mayer,1920,71228,1,5
158556," - ≈Åukasz Tomaszewski, ¬°MASH-UP!, Siriusmo, Lionza, Michael Mayer - COSMO Selektor - 1920"," - ≈Åukasz Tomaszewski, ¬°MASH-UP!, Siriusmo, Lionza, Michael Mayer - COSMO Selektor",Koromoto - Aleisi,Koromoto,Aleisi,Aleisi,5QJiK14R0k2025GwwyluTT,https://p.scdn.co/mp3-preview/d6a4e475c4771924049c589dc5ba1d6fc07c04e3?cid=461b02dc885841c0a798981c336f46f0,Aleisi, Michael Mayer,1920,72380,1,5
121116," - ≈Åukasz Tomaszewski, ¬°MASH-UP!, Siriusmo, Lionza, Michael Mayer - COSMO Selektor - 1920"," - ≈Åukasz Tomaszewski, ¬°MASH-UP!, Siriusmo, Lionza, Michael Mayer - COSMO Selektor",Oscar Peterson - Samba de Orfeu,Oscar Peterson,Samba de Orfeu,Samba De Orfeu,5r0LYUBpYcc1LriO90tAvJ,,Samba de Orfeu, Michael Mayer,1920,72597,1,9
158551," - ≈Åukasz Tomaszewski, ¬°MASH-UP!, Siriusmo, Lionza, Michael Mayer - COSMO Selektor - 1920"," - ≈Åukasz Tomaszewski, ¬°MASH-UP!, Siriusmo, Lionza, Michael Mayer - COSMO Selektor",Unknown - Berlin,Unknown,Berlin,Unknown Berlin - Blondbeats,5uXghC3S2wh4end3sTOMju,https://p.scdn.co/mp3-preview/f6bc9b6f9a3c560cfc5e0fc946be088bd41e5773?cid=461b02dc885841c0a798981c336f46f0,Berlin, Michael Mayer,1920,74259,1,5
158571," - ≈Åukasz Tomaszewski, ¬°MASH-UP!, Siriusmo, Lionza, Michael Mayer - COSMO Selektor - 1920"," - ≈Åukasz Tomaszewski, ¬°MASH-UP!, Siriusmo, Lionza, Michael Mayer - COSMO Selektor",Afrocodigos - Homenaje,Afrocodigos,Homenaje,Homenaje,60ZOoPYYA1xb0IK019YjEk,https://p.scdn.co/mp3-preview/840d3fafa2f2bbd2110fd6e0bbfff78aa93c76fd?cid=461b02dc885841c0a798981c336f46f0,Homenaje, Michael Mayer,1920,76546,1,5
117352," - ≈Åukasz Tomaszewski, ¬°MASH-UP!, Siriusmo, Lionza, Michael Mayer - COSMO Selektor - 1920"," - ≈Åukasz Tomaszewski, ¬°MASH-UP!, Siriusmo, Lionza, Michael Mayer - COSMO Selektor",Cardi B - Bodak Yellow,Cardi B,Bodak Yellow,Bodak Yellow,6KBYefIoo7KydImq1uUQlL,https://p.scdn.co/mp3-preview/cab6e91217590b37cc254585f3f951c5a5280375?cid=461b02dc885841c0a798981c336f46f0,Bodak Yellow, Michael Mayer,1920,82625,1,47
121098," - ≈Åukasz Tomaszewski, ¬°MASH-UP!, Siriusmo, Lionza, Michael Mayer - COSMO Selektor - 1920"," - ≈Åukasz Tomaszewski, ¬°MASH-UP!, Siriusmo, Lionza, Michael Mayer - COSMO Selektor",Squarepusher - Kill Robok,Squarepusher,Kill Robok,Kill Robok,6os1lf0O8XyPqxPCBME6L5,https://p.scdn.co/mp3-preview/930e2350b194c51928396b049ce2228d28becc4c?cid=461b02dc885841c0a798981c336f46f0,Kill Robok, Michael Mayer,1920,84567,1,9
158111," - ≈Åukasz Tomaszewski, ¬°MASH-UP!, Siriusmo, Lionza, Michael Mayer - COSMO Selektor - 2542"," - ≈Åukasz Tomaszewski, ¬°MASH-UP!, Siriusmo, Lionza, Michael Mayer - COSMO Selektor", Huia - ƒÄio - Be At Peace [Te MƒÅngai PƒÅho], Huia,ƒÄio,ƒÄio,01FVFjGtVIVO3aGuoefWh5,https://p.scdn.co/mp3-preview/ea2c79bc16ab9cae6493e341adde3b26e6876c0a?cid=461b02dc885841c0a798981c336f46f0,ƒÄio, Siriusmo,2542,289,1,7
158559," - ≈Åukasz Tomaszewski, ¬°MASH-UP!, Siriusmo, Lionza, Michael Mayer - COSMO Selektor - 2542"," - ≈Åukasz Tomaszewski, ¬°MASH-UP!, Siriusmo, Lionza, Michael Mayer - COSMO Selektor",Marisela Leal - El Bla Bla Bla,Marisela Leal,El Bla Bla Bla,El Bla Bla Bla,0gMIt2dSKeA55cYYgwmP4T,https://p.scdn.co/mp3-preview/38ecc64b58c048fe517b815b7dd6f5670d84fbfe?cid=461b02dc885841c0a798981c336f46f0,El Bla Bla Bla, Siriusmo,2542,4762,1,5
158539," - ≈Åukasz Tomaszewski, ¬°MASH-UP!, Siriusmo, Lionza, Michael Mayer - COSMO Selektor - 2542"," - ≈Åukasz Tomaszewski, ¬°MASH-UP!, Siriusmo, Lionza, Michael Mayer - COSMO Selektor",Tropkillaz - Que Passa Amigo,Tropkillaz,Que Passa Amigo,Que Passa Amigo,1AI5EqOqDVmOKAn13cGx92,https://p.scdn.co/mp3-preview/a0c75a6ef48648888857a6e3e34d92938b1b5429?cid=461b02dc885841c0a798981c336f46f0,Que Passa Amigo, Siriusmo,2542,15127,1,5
158514," - ≈Åukasz Tomaszewski, ¬°MASH-UP!, Siriusmo, Lionza, Michael Mayer - COSMO Selektor - 2542"," - ≈Åukasz Tomaszewski, ¬°MASH-UP!, Siriusmo, Lionza, Michael Mayer - COSMO Selektor",Celia Cruz - La Vida Es Un Carnaval,Celia Cruz,La Vida Es Un Carnaval,La Vida Es Un Carnaval,1BwrMGGhPA6GarWIYaFrW8,,La Vida Es Un Carnaval, Siriusmo,2542,15741,1,5
158524," - ≈Åukasz Tomaszewski, ¬°MASH-UP!, Siriusmo, Lionza, Michael Mayer - COSMO Selektor - 2542"," - ≈Åukasz Tomaszewski, ¬°MASH-UP!, Siriusmo, Lionza, Michael Mayer - COSMO Selektor",Tripnotic - Trip Naughty,Tripnotic,Trip Naughty,Trip Naughty,2fARLymIe13yYbp4piqN8P,https://p.scdn.co/mp3-preview/e9824b0571d9f9540c068acdf4cb49e65c0632e1?cid=461b02dc885841c0a798981c336f46f0,Trip Naughty, Siriusmo,2542,29986,1,5
158509," - ≈Åukasz Tomaszewski, ¬°MASH-UP!, Siriusmo, Lionza, Michael Mayer - COSMO Selektor - 2542"," - ≈Åukasz Tomaszewski, ¬°MASH-UP!, Siriusmo, Lionza, Michael Mayer - COSMO Selektor",Johnny Hooker - Corpo Fechado,Johnny Hooker,Corpo Fechado,Corpo Fechado,2QCEGIgwUPUwE0jObt9ME3,https://p.scdn.co/mp3-preview/6a995b0a45551ace7943b4ce7f69d40d34a9606e?cid=461b02dc885841c0a798981c336f46f0,Corpo Fechado, Siriusmo,2542,34564,1,5
158544," - ≈Åukasz Tomaszewski, ¬°MASH-UP!, Siriusmo, Lionza, Michael Mayer - COSMO Selektor - 2542"," - ≈Åukasz Tomaszewski, ¬°MASH-UP!, Siriusmo, Lionza, Michael Mayer - COSMO Selektor",Y-Dapt - Dimension,Y-Dapt,Dimension,Dimension,2VtlgT5mCiapdBGM2fpmpO,https://p.scdn.co/mp3-preview/ce673bf7d199f70e5707dd962c12a072ea2ec682?cid=461b02dc885841c0a798981c336f46f0,Dimension, Siriusmo,2542,36800,1,5
158529," - ≈Åukasz Tomaszewski, ¬°MASH-UP!, Siriusmo, Lionza, Michael Mayer - COSMO Selektor - 2542"," - ≈Åukasz Tomaszewski, ¬°MASH-UP!, Siriusmo, Lionza, Michael Mayer - COSMO Selektor",Uproot Andy - La Vida Vale La Pena,Uproot Andy,La Vida Vale La Pena,La Vida Vale La Pena,3Qxkbb0uB33zUiRq6CXzwa,https://p.scdn.co/mp3-preview/0e59852707d4966c3b8de47ff7214a6448c086d4?cid=461b02dc885841c0a798981c336f46f0,La Vida Vale La Pena, Siriusmo,2542,47501,1,5
158564," - ≈Åukasz Tomaszewski, ¬°MASH-UP!, Siriusmo, Lionza, Michael Mayer - COSMO Selektor - 2542"," - ≈Åukasz Tomaszewski, ¬°MASH-UP!, Siriusmo, Lionza, Michael Mayer - COSMO Selektor",Aquiles B√°ez Tr√≠o - As√≠ Dice Mi Negro,Aquiles B√°ez Tr√≠o,As√≠ Dice Mi Negro,As√≠ Dice Mi Negro,3UlMtrszQ7dGB7tWDhjmPl,https://p.scdn.co/mp3-preview/177edfa96b5c1aa7c48a77964d18d30256c2978a?cid=461b02dc885841c0a798981c336f46f0,As√≠ Dice Mi Negro, Siriusmo,2542,48963,1,5
158519," - ≈Åukasz Tomaszewski, ¬°MASH-UP!, Siriusmo, Lionza, Michael Mayer - COSMO Selektor - 2542"," - ≈Åukasz Tomaszewski, ¬°MASH-UP!, Siriusmo, Lionza, Michael Mayer - COSMO Selektor",J Balvin + Willy William - Mi Gente,J Balvin + Willy William,Mi Gente,Mi Gente,4ipnJyDU3Lq15qBAYNqlqK,,Mi Gente, Siriusmo,2542,56741,1,17
158534," - ≈Åukasz Tomaszewski, ¬°MASH-UP!, Siriusmo, Lionza, Michael Mayer - COSMO Selektor - 2542"," - ≈Åukasz Tomaszewski, ¬°MASH-UP!, Siriusmo, Lionza, Michael Mayer - COSMO Selektor","MC Fioti, Future, J Balvin, Stefflon Don, Juan Magan - Bum Bum Tam Tam (Jax Jones Remix)","MC Fioti, Future, J Balvin, Stefflon Don, Juan Magan",Bum Bum Tam Tam (Jax Jones Remix),Bum Bum Tam Tam - Jax Jones Remix,5NOuNThafeyeuqjD4q6fzt,,Bum Bum Tam Tam (Jax Jones Remix), Siriusmo,2542,71228,1,5
158554," - ≈Åukasz Tomaszewski, ¬°MASH-UP!, Siriusmo, Lionza, Michael Mayer - COSMO Selektor - 2542"," - ≈Åukasz Tomaszewski, ¬°MASH-UP!, Siriusmo, Lionza, Michael Mayer - COSMO Selektor",Koromoto - Aleisi,Koromoto,Aleisi,Aleisi,5QJiK14R0k2025GwwyluTT,https://p.scdn.co/mp3-preview/d6a4e475c4771924049c589dc5ba1d6fc07c04e3?cid=461b02dc885841c0a798981c336f46f0,Aleisi, Siriusmo,2542,72380,1,5
158549," - ≈Åukasz Tomaszewski, ¬°MASH-UP!, Siriusmo, Lionza, Michael Mayer - COSMO Selektor - 2542"," - ≈Åukasz Tomaszewski, ¬°MASH-UP!, Siriusmo, Lionza, Michael Mayer - COSMO Selektor",Unknown - Berlin,Unknown,Berlin,Unknown Berlin - Blondbeats,5uXghC3S2wh4end3sTOMju,https://p.scdn.co/mp3-preview/f6bc9b6f9a3c560cfc5e0fc946be088bd41e5773?cid=461b02dc885841c0a798981c336f46f0,Berlin, Siriusmo,2542,74259,1,5
158569," - ≈Åukasz Tomaszewski, ¬°MASH-UP!, Siriusmo, Lionza, Michael Mayer - COSMO Selektor - 2542"," - ≈Åukasz Tomaszewski, ¬°MASH-UP!, Siriusmo, Lionza, Michael Mayer - COSMO Selektor",Afrocodigos - Homenaje,Afrocodigos,Homenaje,Homenaje,60ZOoPYYA1xb0IK019YjEk,https://p.scdn.co/mp3-preview/840d3fafa2f2bbd2110fd6e0bbfff78aa93c76fd?cid=461b02dc885841c0a798981c336f46f0,Homenaje, Siriusmo,2542,76546,1,5
117350," - ≈Åukasz Tomaszewski, ¬°MASH-UP!, Siriusmo, Lionza, Michael Mayer - COSMO Selektor - 2542"," - ≈Åukasz Tomaszewski, ¬°MASH-UP!, Siriusmo, Lionza, Michael Mayer - COSMO Selektor",Cardi B - Bodak Yellow,Cardi B,Bodak Yellow,Bodak Yellow,6KBYefIoo7KydImq1uUQlL,https://p.scdn.co/mp3-preview/cab6e91217590b37cc254585f3f951c5a5280375?cid=461b02dc885841c0a798981c336f46f0,Bodak Yellow, Siriusmo,2542,82625,1,47
121069," - ≈Åukasz Tomaszewski, ¬°MASH-UP!, Siriusmo, Lionza, Michael Mayer - COSMO Selektor - 2542"," - ≈Åukasz Tomaszewski, ¬°MASH-UP!, Siriusmo, Lionza, Michael Mayer - COSMO Selektor",Chassol - The Big Sun,Chassol,The Big Sun,The Big Sun (Intro√Øde),00TnSlh2PWHJq2O7z1ODKk,https://p.scdn.co/mp3-preview/b07ed600ba2b8d5eaf6cc4a2716b6f6fdb316104?cid=461b02dc885841c0a798981c336f46f0,The Big Sun, Siriusmo,2542,167,2,9
121051," - ≈Åukasz Tomaszewski, ¬°MASH-UP!, Siriusmo, Lionza, Michael Mayer - COSMO Selektor - 2542"," - ≈Åukasz Tomaszewski, ¬°MASH-UP!, Siriusmo, Lionza, Michael Mayer - COSMO Selektor",Siriusmo - I Like My Voice,Siriusmo,I Like My Voice,I Like My Voice,0jtMUiEeREudBNeUG5i4nR,https://p.scdn.co/mp3-preview/73b3837707f50746d8396cdbbf0f44bd5da081f9?cid=461b02dc885841c0a798981c336f46f0,I Like My Voice, Siriusmo,2542,6064,2,9
121087," - ≈Åukasz Tomaszewski, ¬°MASH-UP!, Siriusmo, Lionza, Michael Mayer - COSMO Selektor - 2542"," - ≈Åukasz Tomaszewski, ¬°MASH-UP!, Siriusmo, Lionza, Michael Mayer - COSMO Selektor",Siriusmo - Good Idea,Siriusmo,Good Idea,Good Idea,1O79Sg0tFuyMFwcdVl7Ppt,https://p.scdn.co/mp3-preview/aa0f44a29ef59669159925f4318d0becec9f9037?cid=461b02dc885841c0a798981c336f46f0,Good Idea, Siriusmo,2542,20754,2,9
121123," - ≈Åukasz Tomaszewski, ¬°MASH-UP!, Siriusmo, Lionza, Michael Mayer - COSMO Selektor - 2542"," - ≈Åukasz Tomaszewski, ¬°MASH-UP!, Siriusmo, Lionza, Michael Mayer - COSMO Selektor",Prince Buster - Hypocrites,Prince Buster,Hypocrites,Hypocrites,1zhBkuQvx2QUVubPTBdN6u,https://p.scdn.co/mp3-preview/59e203cea56a7d611822bb521900c6535caf7cef?cid=461b02dc885841c0a798981c336f46f0,Hypocrites, Siriusmo,2542,25400,2,9
121078," - ≈Åukasz Tomaszewski, ¬°MASH-UP!, Siriusmo, Lionza, Michael Mayer - COSMO Selektor - 2542"," - ≈Åukasz Tomaszewski, ¬°MASH-UP!, Siriusmo, Lionza, Michael Mayer - COSMO Selektor",Vulfpeck - The Speedwalker,Vulfpeck,The Speedwalker,The Speedwalker,21IAkNOuOumRAh3gcTRznl,https://p.scdn.co/mp3-preview/f906b08ac3082777590feb49defbdb12547f463e?cid=461b02dc885841c0a798981c336f46f0,The Speedwalker, Siriusmo,2542,25983,2,9
121042," - ≈Åukasz Tomaszewski, ¬°MASH-UP!, Siriusmo, Lionza, Michael Mayer - COSMO Selektor - 2542"," - ≈Åukasz Tomaszewski, ¬°MASH-UP!, Siriusmo, Lionza, Michael Mayer - COSMO Selektor",Siriusmo - Idiologie,Siriusmo,Idiologie,Idiologie,2oED4gOHSQYvdOleMbCi4M,https://p.scdn.co/mp3-preview/1ea50ee7d7630d19d2fd70d317260fccebbfe851?cid=461b02dc885841c0a798981c336f46f0,Idiologie, Siriusmo,2542,33791,2,9
121060," - ≈Åukasz Tomaszewski, ¬°MASH-UP!, Siriusmo, Lionza, Michael Mayer - COSMO Selektor - 2542"," - ≈Åukasz Tomaszewski, ¬°MASH-UP!, Siriusmo, Lionza, Michael Mayer - COSMO Selektor",Vulfpeck - Kuhmilch,Vulfpeck,Kuhmilch,Kuhmilch 74 BPM,3jgh8Ja6fdKDSBhQennIG0,,Kuhmilch, Siriusmo,2542,44412,2,9
121033," - ≈Åukasz Tomaszewski, ¬°MASH-UP!, Siriusmo, Lionza, Michael Mayer - COSMO Selektor - 2542"," - ≈Åukasz Tomaszewski, ¬°MASH-UP!, Siriusmo, Lionza, Michael Mayer - COSMO Selektor",Siriusmo - Berlin Berlin,Siriusmo,Berlin Berlin,Urlaub in Berlin - Original Version,4yEqiGQfcT7qWClfpiTJCa,https://p.scdn.co/mp3-preview/02bfbfc99f787e0f538123346d6b0f825fb23ccf?cid=461b02dc885841c0a798981c336f46f0,Berlin Berlin, Siriusmo,2542,63152,2,9
121105," - ≈Åukasz Tomaszewski, ¬°MASH-UP!, Siriusmo, Lionza, Michael Mayer - COSMO Selektor - 2542"," - ≈Åukasz Tomaszewski, ¬°MASH-UP!, Siriusmo, Lionza, Michael Mayer - COSMO Selektor",Siriusmo - Mosaik,Siriusmo,Mosaik,Mosaik,5ISviVKv5NnVPRoE9MpvLz,https://p.scdn.co/mp3-preview/c4c79f0d5bd6c013026369776edc495ff6f6a524?cid=461b02dc885841c0a798981c336f46f0,Mosaik, Siriusmo,2542,69277,2,9
121114," - ≈Åukasz Tomaszewski, ¬°MASH-UP!, Siriusmo, Lionza, Michael Mayer - COSMO Selektor - 2542"," - ≈Åukasz Tomaszewski, ¬°MASH-UP!, Siriusmo, Lionza, Michael Mayer - COSMO Selektor",Oscar Peterson - Samba de Orfeu,Oscar Peterson,Samba de Orfeu,Samba De Orfeu,5r0LYUBpYcc1LriO90tAvJ,,Samba de Orfeu, Siriusmo,2542,72597,2,9
121096," - ≈Åukasz Tomaszewski, ¬°MASH-UP!, Siriusmo, Lionza, Michael Mayer - COSMO Selektor - 2542"," - ≈Åukasz Tomaszewski, ¬°MASH-UP!, Siriusmo, Lionza, Michael Mayer - COSMO Selektor",Squarepusher - Kill Robok,Squarepusher,Kill Robok,Kill Robok,6os1lf0O8XyPqxPCBME6L5,https://p.scdn.co/mp3-preview/930e2350b194c51928396b049ce2228d28becc4c?cid=461b02dc885841c0a798981c336f46f0,Kill Robok, Siriusmo,2542,84567,2,9
158109," - ≈Åukasz Tomaszewski, ¬°MASH-UP!, Siriusmo, Lionza, Michael Mayer - COSMO Selektor - 3047"," - ≈Åukasz Tomaszewski, ¬°MASH-UP!, Siriusmo, Lionza, Michael Mayer - COSMO Selektor", Huia - ƒÄio - Be At Peace [Te MƒÅngai PƒÅho], Huia,ƒÄio,ƒÄio,01FVFjGtVIVO3aGuoefWh5,https://p.scdn.co/mp3-preview/ea2c79bc16ab9cae6493e341adde3b26e6876c0a?cid=461b02dc885841c0a798981c336f46f0,ƒÄio,≈Åukasz Tomaszewski,3047,289,1,7
158557," - ≈Åukasz Tomaszewski, ¬°MASH-UP!, Siriusmo, Lionza, Michael Mayer - COSMO Selektor - 3047"," - ≈Åukasz Tomaszewski, ¬°MASH-UP!, Siriusmo, Lionza, Michael Mayer - COSMO Selektor",Marisela Leal - El Bla Bla Bla,Marisela Leal,El Bla Bla Bla,El Bla Bla Bla,0gMIt2dSKeA55cYYgwmP4T,https://p.scdn.co/mp3-preview/38ecc64b58c048fe517b815b7dd6f5670d84fbfe?cid=461b02dc885841c0a798981c336f46f0,El Bla Bla Bla,≈Åukasz Tomaszewski,3047,4762,1,5
158537," - ≈Åukasz Tomaszewski, ¬°MASH-UP!, Siriusmo, Lionza, Michael Mayer - COSMO Selektor - 3047"," - ≈Åukasz Tomaszewski, ¬°MASH-UP!, Siriusmo, Lionza, Michael Mayer - COSMO Selektor",Tropkillaz - Que Passa Amigo,Tropkillaz,Que Passa Amigo,Que Passa Amigo,1AI5EqOqDVmOKAn13cGx92,https://p.scdn.co/mp3-preview/a0c75a6ef48648888857a6e3e34d92938b1b5429?cid=461b02dc885841c0a798981c336f46f0,Que Passa Amigo,≈Åukasz Tomaszewski,3047,15127,1,5
158512," - ≈Åukasz Tomaszewski, ¬°MASH-UP!, Siriusmo, Lionza, Michael Mayer - COSMO Selektor - 3047"," - ≈Åukasz Tomaszewski, ¬°MASH-UP!, Siriusmo, Lionza, Michael Mayer - COSMO Selektor",Celia Cruz - La Vida Es Un Carnaval,Celia Cruz,La Vida Es Un Carnaval,La Vida Es Un Carnaval,1BwrMGGhPA6GarWIYaFrW8,,La Vida Es Un Carnaval,≈Åukasz Tomaszewski,3047,15741,1,5
158522," - ≈Åukasz Tomaszewski, ¬°MASH-UP!, Siriusmo, Lionza, Michael Mayer - COSMO Selektor - 3047"," - ≈Åukasz Tomaszewski, ¬°MASH-UP!, Siriusmo, Lionza, Michael Mayer - COSMO Selektor",Tripnotic - Trip Naughty,Tripnotic,Trip Naughty,Trip Naughty,2fARLymIe13yYbp4piqN8P,https://p.scdn.co/mp3-preview/e9824b0571d9f9540c068acdf4cb49e65c0632e1?cid=461b02dc885841c0a798981c336f46f0,Trip Naughty,≈Åukasz Tomaszewski,3047,29986,1,5
158507," - ≈Åukasz Tomaszewski, ¬°MASH-UP!, Siriusmo, Lionza, Michael Mayer - COSMO Selektor - 3047"," - ≈Åukasz Tomaszewski, ¬°MASH-UP!, Siriusmo, Lionza, Michael Mayer - COSMO Selektor",Johnny Hooker - Corpo Fechado,Johnny Hooker,Corpo Fechado,Corpo Fechado,2QCEGIgwUPUwE0jObt9ME3,https://p.scdn.co/mp3-preview/6a995b0a45551ace7943b4ce7f69d40d34a9606e?cid=461b02dc885841c0a798981c336f46f0,Corpo Fechado,≈Åukasz Tomaszewski,3047,34564,1,5
158542," - ≈Åukasz Tomaszewski, ¬°MASH-UP!, Siriusmo, Lionza, Michael Mayer - COSMO Selektor - 3047"," - ≈Åukasz Tomaszewski, ¬°MASH-UP!, Siriusmo, Lionza, Michael Mayer - COSMO Selektor",Y-Dapt - Dimension,Y-Dapt,Dimension,Dimension,2VtlgT5mCiapdBGM2fpmpO,https://p.scdn.co/mp3-preview/ce673bf7d199f70e5707dd962c12a072ea2ec682?cid=461b02dc885841c0a798981c336f46f0,Dimension,≈Åukasz Tomaszewski,3047,36800,1,5
158527," - ≈Åukasz Tomaszewski, ¬°MASH-UP!, Siriusmo, Lionza, Michael Mayer - COSMO Selektor - 3047"," - ≈Åukasz Tomaszewski, ¬°MASH-UP!, Siriusmo, Lionza, Michael Mayer - COSMO Selektor",Uproot Andy - La Vida Vale La Pena,Uproot Andy,La Vida Vale La Pena,La Vida Vale La Pena,3Qxkbb0uB33zUiRq6CXzwa,https://p.scdn.co/mp3-preview/0e59852707d4966c3b8de47ff7214a6448c086d4?cid=461b02dc885841c0a798981c336f46f0,La Vida Vale La Pena,≈Åukasz Tomaszewski,3047,47501,1,5
158562," - ≈Åukasz Tomaszewski, ¬°MASH-UP!, Siriusmo, Lionza, Michael Mayer - COSMO Selektor - 3047"," - ≈Åukasz Tomaszewski, ¬°MASH-UP!, Siriusmo, Lionza, Michael Mayer - COSMO Selektor",Aquiles B√°ez Tr√≠o - As√≠ Dice Mi Negro,Aquiles B√°ez Tr√≠o,As√≠ Dice Mi Negro,As√≠ Dice Mi Negro,3UlMtrszQ7dGB7tWDhjmPl,https://p.scdn.co/mp3-preview/177edfa96b5c1aa7c48a77964d18d30256c2978a?cid=461b02dc885841c0a798981c336f46f0,As√≠ Dice Mi Negro,≈Åukasz Tomaszewski,3047,48963,1,5
158517," - ≈Åukasz Tomaszewski, ¬°MASH-UP!, Siriusmo, Lionza, Michael Mayer - COSMO Selektor - 3047"," - ≈Åukasz Tomaszewski, ¬°MASH-UP!, Siriusmo, Lionza, Michael Mayer - COSMO Selektor",J Balvin + Willy William - Mi Gente,J Balvin + Willy William,Mi Gente,Mi Gente,4ipnJyDU3Lq15qBAYNqlqK,,Mi Gente,≈Åukasz Tomaszewski,3047,56741,1,17
158532," - ≈Åukasz Tomaszewski, ¬°MASH-UP!, Siriusmo, Lionza, Michael Mayer - COSMO Selektor - 3047"," - ≈Åukasz Tomaszewski, ¬°MASH-UP!, Siriusmo, Lionza, Michael Mayer - COSMO Selektor","MC Fioti, Future, J Balvin, Stefflon Don, Juan Magan - Bum Bum Tam Tam (Jax Jones Remix)","MC Fioti, Future, J Balvin, Stefflon Don, Juan Magan",Bum Bum Tam Tam (Jax Jones Remix),Bum Bum Tam Tam - Jax Jones Remix,5NOuNThafeyeuqjD4q6fzt,,Bum Bum Tam Tam (Jax Jones Remix),≈Åukasz Tomaszewski,3047,71228,1,5
158552," - ≈Åukasz Tomaszewski, ¬°MASH-UP!, Siriusmo, Lionza, Michael Mayer - COSMO Selektor - 3047"," - ≈Åukasz Tomaszewski, ¬°MASH-UP!, Siriusmo, Lionza, Michael Mayer - COSMO Selektor",Koromoto - Aleisi,Koromoto,Aleisi,Aleisi,5QJiK14R0k2025GwwyluTT,https://p.scdn.co/mp3-preview/d6a4e475c4771924049c589dc5ba1d6fc07c04e3?cid=461b02dc885841c0a798981c336f46f0,Aleisi,≈Åukasz Tomaszewski,3047,72380,1,5
158547," - ≈Åukasz Tomaszewski, ¬°MASH-UP!, Siriusmo, Lionza, Michael Mayer - COSMO Selektor - 3047"," - ≈Åukasz Tomaszewski, ¬°MASH-UP!, Siriusmo, Lionza, Michael Mayer - COSMO Selektor",Unknown - Berlin,Unknown,Berlin,Unknown Berlin - Blondbeats,5uXghC3S2wh4end3sTOMju,https://p.scdn.co/mp3-preview/f6bc9b6f9a3c560cfc5e0fc946be088bd41e5773?cid=461b02dc885841c0a798981c336f46f0,Berlin,≈Åukasz Tomaszewski,3047,74259,1,5
158567," - ≈Åukasz Tomaszewski, ¬°MASH-UP!, Siriusmo, Lionza, Michael Mayer - COSMO Selektor - 3047"," - ≈Åukasz Tomaszewski, ¬°MASH-UP!, Siriusmo, Lionza, Michael Mayer - COSMO Selektor",Afrocodigos - Homenaje,Afrocodigos,Homenaje,Homenaje,60ZOoPYYA1xb0IK019YjEk,https://p.scdn.co/mp3-preview/840d3fafa2f2bbd2110fd6e0bbfff78aa93c76fd?cid=461b02dc885841c0a798981c336f46f0,Homenaje,≈Åukasz Tomaszewski,3047,76546,1,5
117348," - ≈Åukasz Tomaszewski, ¬°MASH-UP!, Siriusmo, Lionza, Michael Mayer - COSMO Selektor - 3047"," - ≈Åukasz Tomaszewski, ¬°MASH-UP!, Siriusmo, Lionza, Michael Mayer - COSMO Selektor",Cardi B - Bodak Yellow,Cardi B,Bodak Yellow,Bodak Yellow,6KBYefIoo7KydImq1uUQlL,https://p.scdn.co/mp3-preview/cab6e91217590b37cc254585f3f951c5a5280375?cid=461b02dc885841c0a798981c336f46f0,Bodak Yellow,≈Åukasz Tomaszewski,3047,82625,1,47
121067," - ≈Åukasz Tomaszewski, ¬°MASH-UP!, Siriusmo, Lionza, Michael Mayer - COSMO Selektor - 3047"," - ≈Åukasz Tomaszewski, ¬°MASH-UP!, Siriusmo, Lionza, Michael Mayer - COSMO Selektor",Chassol - The Big Sun,Chassol,The Big Sun,The Big Sun (Intro√Øde),00TnSlh2PWHJq2O7z1ODKk,https://p.scdn.co/mp3-preview/b07ed600ba2b8d5eaf6cc4a2716b6f6fdb316104?cid=461b02dc885841c0a798981c336f46f0,The Big Sun,≈Åukasz Tomaszewski,3047,167,2,9
121049," - ≈Åukasz Tomaszewski, ¬°MASH-UP!, Siriusmo, Lionza, Michael Mayer - COSMO Selektor - 3047"," - ≈Åukasz Tomaszewski, ¬°MASH-UP!, Siriusmo, Lionza, Michael Mayer - COSMO Selektor",Siriusmo - I Like My Voice,Siriusmo,I Like My Voice,I Like My Voice,0jtMUiEeREudBNeUG5i4nR,https://p.scdn.co/mp3-preview/73b3837707f50746d8396cdbbf0f44bd5da081f9?cid=461b02dc885841c0a798981c336f46f0,I Like My Voice,≈Åukasz Tomaszewski,3047,6064,2,9
121085," - ≈Åukasz Tomaszewski, ¬°MASH-UP!, Siriusmo, Lionza, Michael Mayer - COSMO Selektor - 3047"," - ≈Åukasz Tomaszewski, ¬°MASH-UP!, Siriusmo, Lionza, Michael Mayer - COSMO Selektor",Siriusmo - Good Idea,Siriusmo,Good Idea,Good Idea,1O79Sg0tFuyMFwcdVl7Ppt,https://p.scdn.co/mp3-preview/aa0f44a29ef59669159925f4318d0becec9f9037?cid=461b02dc885841c0a798981c336f46f0,Good Idea,≈Åukasz Tomaszewski,3047,20754,2,9
121121," - ≈Åukasz Tomaszewski, ¬°MASH-UP!, Siriusmo, Lionza, Michael Mayer - COSMO Selektor - 3047"," - ≈Åukasz Tomaszewski, ¬°MASH-UP!, Siriusmo, Lionza, Michael Mayer - COSMO Selektor",Prince Buster - Hypocrites,Prince Buster,Hypocrites,Hypocrites,1zhBkuQvx2QUVubPTBdN6u,https://p.scdn.co/mp3-preview/59e203cea56a7d611822bb521900c6535caf7cef?cid=461b02dc885841c0a798981c336f46f0,Hypocrites,≈Åukasz Tomaszewski,3047,25400,2,9
121076," - ≈Åukasz Tomaszewski, ¬°MASH-UP!, Siriusmo, Lionza, Michael Mayer - COSMO Selektor - 3047"," - ≈Åukasz Tomaszewski, ¬°MASH-UP!, Siriusmo, Lionza, Michael Mayer - COSMO Selektor",Vulfpeck - The Speedwalker,Vulfpeck,The Speedwalker,The Speedwalker,21IAkNOuOumRAh3gcTRznl,https://p.scdn.co/mp3-preview/f906b08ac3082777590feb49defbdb12547f463e?cid=461b02dc885841c0a798981c336f46f0,The Speedwalker,≈Åukasz Tomaszewski,3047,25983,2,9
121040," - ≈Åukasz Tomaszewski, ¬°MASH-UP!, Siriusmo, Lionza, Michael Mayer - COSMO Selektor - 3047"," - ≈Åukasz Tomaszewski, ¬°MASH-UP!, Siriusmo, Lionza, Michael Mayer - COSMO Selektor",Siriusmo - Idiologie,Siriusmo,Idiologie,Idiologie,2oED4gOHSQYvdOleMbCi4M,https://p.scdn.co/mp3-preview/1ea50ee7d7630d19d2fd70d317260fccebbfe851?cid=461b02dc885841c0a798981c336f46f0,Idiologie,≈Åukasz Tomaszewski,3047,33791,2,9
121058," - ≈Åukasz Tomaszewski, ¬°MASH-UP!, Siriusmo, Lionza, Michael Mayer - COSMO Selektor - 3047"," - ≈Åukasz Tomaszewski, ¬°MASH-UP!, Siriusmo, Lionza, Michael Mayer - COSMO Selektor",Vulfpeck - Kuhmilch,Vulfpeck,Kuhmilch,Kuhmilch 74 BPM,3jgh8Ja6fdKDSBhQennIG0,,Kuhmilch,≈Åukasz Tomaszewski,3047,44412,2,9
121031," - ≈Åukasz Tomaszewski, ¬°MASH-UP!, Siriusmo, Lionza, Michael Mayer - COSMO Selektor - 3047"," - ≈Åukasz Tomaszewski, ¬°MASH-UP!, Siriusmo, Lionza, Michael Mayer - COSMO Selektor",Siriusmo - Berlin Berlin,Siriusmo,Berlin Berlin,Urlaub in Berlin - Original Version,4yEqiGQfcT7qWClfpiTJCa,https://p.scdn.co/mp3-preview/02bfbfc99f787e0f538123346d6b0f825fb23ccf?cid=461b02dc885841c0a798981c336f46f0,Berlin Berlin,≈Åukasz Tomaszewski,3047,63152,2,9
121103," - ≈Åukasz Tomaszewski, ¬°MASH-UP!, Siriusmo, Lionza, Michael Mayer - COSMO Selektor - 3047"," - ≈Åukasz Tomaszewski, ¬°MASH-UP!, Siriusmo, Lionza, Michael Mayer - COSMO Selektor",Siriusmo - Mosaik,Siriusmo,Mosaik,Mosaik,5ISviVKv5NnVPRoE9MpvLz,https://p.scdn.co/mp3-preview/c4c79f0d5bd6c013026369776edc495ff6f6a524?cid=461b02dc885841c0a798981c336f46f0,Mosaik,≈Åukasz Tomaszewski,3047,69277,2,9
121112," - ≈Åukasz Tomaszewski, ¬°MASH-UP!, Siriusmo, Lionza, Michael Mayer - COSMO Selektor - 3047"," - ≈Åukasz Tomaszewski, ¬°MASH-UP!, Siriusmo, Lionza, Michael Mayer - COSMO Selektor",Oscar Peterson - Samba de Orfeu,Oscar Peterson,Samba de Orfeu,Samba De Orfeu,5r0LYUBpYcc1LriO90tAvJ,,Samba de Orfeu,≈Åukasz Tomaszewski,3047,72597,2,9
121094," - ≈Åukasz Tomaszewski, ¬°MASH-UP!, Siriusmo, Lionza, Michael Mayer - COSMO Selektor - 3047"," - ≈Åukasz Tomaszewski, ¬°MASH-UP!, Siriusmo, Lionza, Michael Mayer - COSMO Selektor",Squarepusher - Kill Robok,Squarepusher,Kill Robok,Kill Robok,6os1lf0O8XyPqxPCBME6L5,https://p.scdn.co/mp3-preview/930e2350b194c51928396b049ce2228d28becc4c?cid=461b02dc885841c0a798981c336f46f0,Kill Robok,≈Åukasz Tomaszewski,3047,84567,2,9
121068," - ≈Åukasz Tomaszewski, ¬°MASH-UP!, Siriusmo, Lionza, Michael Mayer - COSMO Selektor - 6"," - ≈Åukasz Tomaszewski, ¬°MASH-UP!, Siriusmo, Lionza, Michael Mayer - COSMO Selektor",Chassol - The Big Sun,Chassol,The Big Sun,The Big Sun (Intro√Øde),00TnSlh2PWHJq2O7z1ODKk,https://p.scdn.co/mp3-preview/b07ed600ba2b8d5eaf6cc4a2716b6f6fdb316104?cid=461b02dc885841c0a798981c336f46f0,The Big Sun, ¬°MASH-UP!,6,167,1,9
158110," - ≈Åukasz Tomaszewski, ¬°MASH-UP!, Siriusmo, Lionza, Michael Mayer - COSMO Selektor - 6"," - ≈Åukasz Tomaszewski, ¬°MASH-UP!, Siriusmo, Lionza, Michael Mayer - COSMO Selektor", Huia - ƒÄio - Be At Peace [Te MƒÅngai PƒÅho], Huia,ƒÄio,ƒÄio,01FVFjGtVIVO3aGuoefWh5,https://p.scdn.co/mp3-preview/ea2c79bc16ab9cae6493e341adde3b26e6876c0a?cid=461b02dc885841c0a798981c336f46f0,ƒÄio, ¬°MASH-UP!,6,289,1,7
158558," - ≈Åukasz Tomaszewski, ¬°MASH-UP!, Siriusmo, Lionza, Michael Mayer - COSMO Selektor - 6"," - ≈Åukasz Tomaszewski, ¬°MASH-UP!, Siriusmo, Lionza, Michael Mayer - COSMO Selektor",Marisela Leal - El Bla Bla Bla,Marisela Leal,El Bla Bla Bla,El Bla Bla Bla,0gMIt2dSKeA55cYYgwmP4T,https://p.scdn.co/mp3-preview/38ecc64b58c048fe517b815b7dd6f5670d84fbfe?cid=461b02dc885841c0a798981c336f46f0,El Bla Bla Bla, ¬°MASH-UP!,6,4762,1,5
121050," - ≈Åukasz Tomaszewski, ¬°MASH-UP!, Siriusmo, Lionza, Michael Mayer - COSMO Selektor - 6"," - ≈Åukasz Tomaszewski, ¬°MASH-UP!, Siriusmo, Lionza, Michael Mayer - COSMO Selektor",Siriusmo - I Like My Voice,Siriusmo,I Like My Voice,I Like My Voice,0jtMUiEeREudBNeUG5i4nR,https://p.scdn.co/mp3-preview/73b3837707f50746d8396cdbbf0f44bd5da081f9?cid=461b02dc885841c0a798981c336f46f0,I Like My Voice, ¬°MASH-UP!,6,6064,1,9
158538," - ≈Åukasz Tomaszewski, ¬°MASH-UP!, Siriusmo, Lionza, Michael Mayer - COSMO Selektor - 6"," - ≈Åukasz Tomaszewski, ¬°MASH-UP!, Siriusmo, Lionza, Michael Mayer - COSMO Selektor",Tropkillaz - Que Passa Amigo,Tropkillaz,Que Passa Amigo,Que Passa Amigo,1AI5EqOqDVmOKAn13cGx92,https://p.scdn.co/mp3-preview/a0c75a6ef48648888857a6e3e34d92938b1b5429?cid=461b02dc885841c0a798981c336f46f0,Que Passa Amigo, ¬°MASH-UP!,6,15127,1,5
158513," - ≈Åukasz Tomaszewski, ¬°MASH-UP!, Siriusmo, Lionza, Michael Mayer - COSMO Selektor - 6"," - ≈Åukasz Tomaszewski, ¬°MASH-UP!, Siriusmo, Lionza, Michael Mayer - COSMO Selektor",Celia Cruz - La Vida Es Un Carnaval,Celia Cruz,La Vida Es Un Carnaval,La Vida Es Un Carnaval,1BwrMGGhPA6GarWIYaFrW8,,La Vida Es Un Carnaval, ¬°MASH-UP!,6,15741,1,5
121086," - ≈Åukasz Tomaszewski, ¬°MASH-UP!, Siriusmo, Lionza, Michael Mayer - COSMO Selektor - 6"," - ≈Åukasz Tomaszewski, ¬°MASH-UP!, Siriusmo, Lionza, Michael Mayer - COSMO Selektor",Siriusmo - Good Idea,Siriusmo,Good Idea,Good Idea,1O79Sg0tFuyMFwcdVl7Ppt,https://p.scdn.co/mp3-preview/aa0f44a29ef59669159925f4318d0becec9f9037?cid=461b02dc885841c0a798981c336f46f0,Good Idea, ¬°MASH-UP!,6,20754,1,9
121122," - ≈Åukasz Tomaszewski, ¬°MASH-UP!, Siriusmo, Lionza, Michael Mayer - COSMO Selektor - 6"," - ≈Åukasz Tomaszewski, ¬°MASH-UP!, Siriusmo, Lionza, Michael Mayer - COSMO Selektor",Prince Buster - Hypocrites,Prince Buster,Hypocrites,Hypocrites,1zhBkuQvx2QUVubPTBdN6u,https://p.scdn.co/mp3-preview/59e203cea56a7d611822bb521900c6535caf7cef?cid=461b02dc885841c0a798981c336f46f0,Hypocrites, ¬°MASH-UP!,6,25400,1,9
121077," - ≈Åukasz Tomaszewski, ¬°MASH-UP!, Siriusmo, Lionza, Michael Mayer - COSMO Selektor - 6"," - ≈Åukasz Tomaszewski, ¬°MASH-UP!, Siriusmo, Lionza, Michael Mayer - COSMO Selektor",Vulfpeck - The Speedwalker,Vulfpeck,The Speedwalker,The Speedwalker,21IAkNOuOumRAh3gcTRznl,https://p.scdn.co/mp3-preview/f906b08ac3082777590feb49defbdb12547f463e?cid=461b02dc885841c0a798981c336f46f0,The Speedwalker, ¬°MASH-UP!,6,25983,1,9
158523," - ≈Åukasz Tomaszewski, ¬°MASH-UP!, Siriusmo, Lionza, Michael Mayer - COSMO Selektor - 6"," - ≈Åukasz Tomaszewski, ¬°MASH-UP!, Siriusmo, Lionza, Michael Mayer - COSMO Selektor",Tripnotic - Trip Naughty,Tripnotic,Trip Naughty,Trip Naughty,2fARLymIe13yYbp4piqN8P,https://p.scdn.co/mp3-preview/e9824b0571d9f9540c068acdf4cb49e65c0632e1?cid=461b02dc885841c0a798981c336f46f0,Trip Naughty, ¬°MASH-UP!,6,29986,1,5
121041," - ≈Åukasz Tomaszewski, ¬°MASH-UP!, Siriusmo, Lionza, Michael Mayer - COSMO Selektor - 6"," - ≈Åukasz Tomaszewski, ¬°MASH-UP!, Siriusmo, Lionza, Michael Mayer - COSMO Selektor",Siriusmo - Idiologie,Siriusmo,Idiologie,Idiologie,2oED4gOHSQYvdOleMbCi4M,https://p.scdn.co/mp3-preview/1ea50ee7d7630d19d2fd70d317260fccebbfe851?cid=461b02dc885841c0a798981c336f46f0,Idiologie, ¬°MASH-UP!,6,33791,1,9
158508," - ≈Åukasz Tomaszewski, ¬°MASH-UP!, Siriusmo, Lionza, Michael Mayer - COSMO Selektor - 6"," - ≈Åukasz Tomaszewski, ¬°MASH-UP!, Siriusmo, Lionza, Michael Mayer - COSMO Selektor",Johnny Hooker - Corpo Fechado,Johnny Hooker,Corpo Fechado,Corpo Fechado,2QCEGIgwUPUwE0jObt9ME3,https://p.scdn.co/mp3-preview/6a995b0a45551ace7943b4ce7f69d40d34a9606e?cid=461b02dc885841c0a798981c336f46f0,Corpo Fechado, ¬°MASH-UP!,6,34564,1,5
158543," - ≈Åukasz Tomaszewski, ¬°MASH-UP!, Siriusmo, Lionza, Michael Mayer - COSMO Selektor - 6"," - ≈Åukasz Tomaszewski, ¬°MASH-UP!, Siriusmo, Lionza, Michael Mayer - COSMO Selektor",Y-Dapt - Dimension,Y-Dapt,Dimension,Dimension,2VtlgT5mCiapdBGM2fpmpO,https://p.scdn.co/mp3-preview/ce673bf7d199f70e5707dd962c12a072ea2ec682?cid=461b02dc885841c0a798981c336f46f0,Dimension, ¬°MASH-UP!,6,36800,1,5
121059," - ≈Åukasz Tomaszewski, ¬°MASH-UP!, Siriusmo, Lionza, Michael Mayer - COSMO Selektor - 6"," - ≈Åukasz Tomaszewski, ¬°MASH-UP!, Siriusmo, Lionza, Michael Mayer - COSMO Selektor",Vulfpeck - Kuhmilch,Vulfpeck,Kuhmilch,Kuhmilch 74 BPM,3jgh8Ja6fdKDSBhQennIG0,,Kuhmilch, ¬°MASH-UP!,6,44412,1,9
158528," - ≈Åukasz Tomaszewski, ¬°MASH-UP!, Siriusmo, Lionza, Michael Mayer - COSMO Selektor - 6"," - ≈Åukasz Tomaszewski, ¬°MASH-UP!, Siriusmo, Lionza, Michael Mayer - COSMO Selektor",Uproot Andy - La Vida Vale La Pena,Uproot Andy,La Vida Vale La Pena,La Vida Vale La Pena,3Qxkbb0uB33zUiRq6CXzwa,https://p.scdn.co/mp3-preview/0e59852707d4966c3b8de47ff7214a6448c086d4?cid=461b02dc885841c0a798981c336f46f0,La Vida Vale La Pena, ¬°MASH-UP!,6,47501,1,5
158563," - ≈Åukasz Tomaszewski, ¬°MASH-UP!, Siriusmo, Lionza, Michael Mayer - COSMO Selektor - 6"," - ≈Åukasz Tomaszewski, ¬°MASH-UP!, Siriusmo, Lionza, Michael Mayer - COSMO Selektor",Aquiles B√°ez Tr√≠o - As√≠ Dice Mi Negro,Aquiles B√°ez Tr√≠o,As√≠ Dice Mi Negro,As√≠ Dice Mi Negro,3UlMtrszQ7dGB7tWDhjmPl,https://p.scdn.co/mp3-preview/177edfa96b5c1aa7c48a77964d18d30256c2978a?cid=461b02dc885841c0a798981c336f46f0,As√≠ Dice Mi Negro, ¬°MASH-UP!,6,48963,1,5
158518," - ≈Åukasz Tomaszewski, ¬°MASH-UP!, Siriusmo, Lionza, Michael Mayer - COSMO Selektor - 6"," - ≈Åukasz Tomaszewski, ¬°MASH-UP!, Siriusmo, Lionza, Michael Mayer - COSMO Selektor",J Balvin + Willy William - Mi Gente,J Balvin + Willy William,Mi Gente,Mi Gente,4ipnJyDU3Lq15qBAYNqlqK,,Mi Gente, ¬°MASH-UP!,6,56741,1,17
121032," - ≈Åukasz Tomaszewski, ¬°MASH-UP!, Siriusmo, Lionza, Michael Mayer - COSMO Selektor - 6"," - ≈Åukasz Tomaszewski, ¬°MASH-UP!, Siriusmo, Lionza, Michael Mayer - COSMO Selektor",Siriusmo - Berlin Berlin,Siriusmo,Berlin Berlin,Urlaub in Berlin - Original Version,4yEqiGQfcT7qWClfpiTJCa,https://p.scdn.co/mp3-preview/02bfbfc99f787e0f538123346d6b0f825fb23ccf?cid=461b02dc885841c0a798981c336f46f0,Berlin Berlin, ¬°MASH-UP!,6,63152,1,9
121104," - ≈Åukasz Tomaszewski, ¬°MASH-UP!, Siriusmo, Lionza, Michael Mayer - COSMO Selektor - 6"," - ≈Åukasz Tomaszewski, ¬°MASH-UP!, Siriusmo, Lionza, Michael Mayer - COSMO Selektor",Siriusmo - Mosaik,Siriusmo,Mosaik,Mosaik,5ISviVKv5NnVPRoE9MpvLz,https://p.scdn.co/mp3-preview/c4c79f0d5bd6c013026369776edc495ff6f6a524?cid=461b02dc885841c0a798981c336f46f0,Mosaik, ¬°MASH-UP!,6,69277,1,9
158533," - ≈Åukasz Tomaszewski, ¬°MASH-UP!, Siriusmo, Lionza, Michael Mayer - COSMO Selektor - 6"," - ≈Åukasz Tomaszewski, ¬°MASH-UP!, Siriusmo, Lionza, Michael Mayer - COSMO Selektor","MC Fioti, Future, J Balvin, Stefflon Don, Juan Magan - Bum Bum Tam Tam (Jax Jones Remix)","MC Fioti, Future, J Balvin, Stefflon Don, Juan Magan",Bum Bum Tam Tam (Jax Jones Remix),Bum Bum Tam Tam - Jax Jones Remix,5NOuNThafeyeuqjD4q6fzt,,Bum Bum Tam Tam (Jax Jones Remix), ¬°MASH-UP!,6,71228,1,5
158553," - ≈Åukasz Tomaszewski, ¬°MASH-UP!, Siriusmo, Lionza, Michael Mayer - COSMO Selektor - 6"," - ≈Åukasz Tomaszewski, ¬°MASH-UP!, Siriusmo, Lionza, Michael Mayer - COSMO Selektor",Koromoto - Aleisi,Koromoto,Aleisi,Aleisi,5QJiK14R0k2025GwwyluTT,https://p.scdn.co/mp3-preview/d6a4e475c4771924049c589dc5ba1d6fc07c04e3?cid=461b02dc885841c0a798981c336f46f0,Aleisi, ¬°MASH-UP!,6,72380,1,5
121113," - ≈Åukasz Tomaszewski, ¬°MASH-UP!, Siriusmo, Lionza, Michael Mayer - COSMO Selektor - 6"," - ≈Åukasz Tomaszewski, ¬°MASH-UP!, Siriusmo, Lionza, Michael Mayer - COSMO Selektor",Oscar Peterson - Samba de Orfeu,Oscar Peterson,Samba de Orfeu,Samba De Orfeu,5r0LYUBpYcc1LriO90tAvJ,,Samba de Orfeu, ¬°MASH-UP!,6,72597,1,9
158548," - ≈Åukasz Tomaszewski, ¬°MASH-UP!, Siriusmo, Lionza, Michael Mayer - COSMO Selektor - 6"," - ≈Åukasz Tomaszewski, ¬°MASH-UP!, Siriusmo, Lionza, Michael Mayer - COSMO Selektor",Unknown - Berlin,Unknown,Berlin,Unknown Berlin - Blondbeats,5uXghC3S2wh4end3sTOMju,https://p.scdn.co/mp3-preview/f6bc9b6f9a3c560cfc5e0fc946be088bd41e5773?cid=461b02dc885841c0a798981c336f46f0,Berlin, ¬°MASH-UP!,6,74259,1,5
158568," - ≈Åukasz Tomaszewski, ¬°MASH-UP!, Siriusmo, Lionza, Michael Mayer - COSMO Selektor - 6"," - ≈Åukasz Tomaszewski, ¬°MASH-UP!, Siriusmo, Lionza, Michael Mayer - COSMO Selektor",Afrocodigos - Homenaje,Afrocodigos,Homenaje,Homenaje,60ZOoPYYA1xb0IK019YjEk,https://p.scdn.co/mp3-preview/840d3fafa2f2bbd2110fd6e0bbfff78aa93c76fd?cid=461b02dc885841c0a798981c336f46f0,Homenaje, ¬°MASH-UP!,6,76546,1,5
117349," - ≈Åukasz Tomaszewski, ¬°MASH-UP!, Siriusmo, Lionza, Michael Mayer - COSMO Selektor - 6"," - ≈Åukasz Tomaszewski, ¬°MASH-UP!, Siriusmo, Lionza, Michael Mayer - COSMO Selektor",Cardi B - Bodak Yellow,Cardi B,Bodak Yellow,Bodak Yellow,6KBYefIoo7KydImq1uUQlL,https://p.scdn.co/mp3-preview/cab6e91217590b37cc254585f3f951c5a5280375?cid=461b02dc885841c0a798981c336f46f0,Bodak Yellow, ¬°MASH-UP!,6,82625,1,47
121095," - ≈Åukasz Tomaszewski, ¬°MASH-UP!, Siriusmo, Lionza, Michael Mayer - COSMO Selektor - 6"," - ≈Åukasz Tomaszewski, ¬°MASH-UP!, Siriusmo, Lionza, Michael Mayer - COSMO Selektor",Squarepusher - Kill Robok,Squarepusher,Kill Robok,Kill Robok,6os1lf0O8XyPqxPCBME6L5,https://p.scdn.co/mp3-preview/930e2350b194c51928396b049ce2228d28becc4c?cid=461b02dc885841c0a798981c336f46f0,Kill Robok, ¬°MASH-UP!,6,84567,1,9